160830165351,0,8,6,1.0000000000000000,0,0.1000000000000000,0.1000000000000000,0.0000000000000000,0.0000000000000000,0.0200000000000000,2.8667267279191417,0.2120389706042584,0.0000000000000000,5.6024283373065558,-2.4993698114060043,-0.2371123680757627,1.7837134576947249,0.0016906357274143,1.7831810844966243,0.0000000000041229,0.8753794277041493,0.0193377602041360,1.4638209761952350,0.0000000000000000,0.0000000000000000
160830165754,0,9,6,1.0000000000000000,0,0.1000000000000000,0.1000000000000000,0.0000000000000000,0.0000000000000000,0.0200000000000000,2.8749467501214321,0.2979682436628450,0.0000000000000000,7.0288824513165933,-3.9342494731841744,-0.2207170134682932,2.2379254932314563,0.0023849150697894,2.2375312281234914,0.0000000000001991,1.0982628830182177,0.0193675283887063,1.1663823682252361,0.0000000000000000,0.0000000000000000
160830212406,0,0,9,1.0000000000000000,0,0.1000000000000000,0.1000000000000000,0.0000000000000000,0.0000000000000000,0.0200000000000000,2.9001919295430243,0.0000000000000000,0.0000000000000000,6.1774368181191228,-3.0367668242319046,-0.2404925517987055,1.9663469408127345,0.0000307903521153,1.9663395065633456,0.0000000000034566,0.1206530628538891,0.0003011168370064,10.0842928789444528,0.0000000000000000,0.0000000000000000
160830212918,0,0,9,1.0000000000000000,0,0.1000000000000000,0.1000000000000000,0.0000000000000000,0.0000000000000000,0.0200000000000000,2.9001919295684644,0.0000000000000000,0.0000000000000000,6.1774368197805325,-3.0367668258657554,-0.2404925518013323,1.9663471707039419,0.0000311849005965,1.9663392755522067,0.0000000000055104,0.1206530628863385,0.0003011168575576,10.0842941176097316,0.0000000000000000,0.0000000000000000
160830215133,0,9,9,1.0000000000000000,0,0.1000000000000000,0.1000000000000000,0.0000000000000000,0.0000000000000000,0.0200000000000000,2.9051531945332689,0.2550822514742490,0.0000000000000000,6.3455316830459703,-3.2042830142902492,-0.2361103363084336,2.0198479492641077,0.0000326589555575,2.0198523233167305,0.0000000629422255,0.1239361656844916,0.0003010605601621,9.8171714709373976,0.0000000000000000,0.0000000000000000
160830225614,0,8,9,1.0000000000000000,0,0.1000000000000000,0.1000000000000000,0.0000000000000000,0.0000000000000000,0.0200000000000000,2.9001620824584209,0.2450177400007672,0.0000000000000000,6.1774037962326718,-3.0367343580922097,-0.2405218433033118,1.9663308682236269,0.0000311760626172,1.9663345540729853,0.0000000000004200,0.1206524178951694,0.0003011128351089,10.0843485534864357,0.0000000000000000,0.0000000000000000
160830225754,0,0,6,1.0000000000000000,0,0.1000000000000000,0.1000000000000000,0.0000000000000000,0.0000000000000000,0.0200000000000000,2.8667565224793568,0.0000000000000000,0.0000000000000000,5.6024593728421088,-2.4993974867158348,-0.2370859235983720,1.7837139979740213,0.0016657201334334,1.7832004184846637,0.0000000000001063,0.8753842770065795,0.0193378719054614,1.4638066087549313,0.0000000000000000,0.0000000000000000
160830225813,0,0,6,1.0000000000000000,0,0.1000000000000000,0.1000000000000000,0.0000000000000000,0.0000000000000000,0.0200000000000000,2.8667565224792226,0.0000000000000000,0.0000000000000000,5.6024593728408894,-2.4993974867147202,-0.2370859235983773,1.7837083898284058,0.0016565834608935,1.7832059920793888,0.0000000000000010,0.8753842770063889,0.0193377957106250,1.4638043699505823,0.0000000000000000,0.0000000000000000
160830225844,0,8,6,1.0000000000000000,0,0.1000000000000000,0.1000000000000000,0.0000000000000000,0.0000000000000000,0.0200000000000000,2.8667267279177251,0.2120389706035713,0.0000000000000000,5.6024283372940991,-2.4993698113949945,-0.2371123680758578,1.7838956432392403,0.0060338502429417,1.7829720308442911,0.0000000000006757,0.8753794277022029,0.0193402732134146,1.4638768961707251,0.0000000000000000,0.0000000000000000
160830225930,0,8,6,1.0000000000000000,0,0.1000000000000000,0.1000000000000000,0.0000000000000000,0.0000000000000000,0.0100000000000000,2.8667491034110091,0.1060201354608515,0.0000000000000000,5.6024516978956358,-2.4993906428088817,-0.2370925142474929,1.7839074825257932,0.0060339025225306,1.7829750771624964,0.0000000000011623,0.8753830777961931,0.0193405123972426,1.4638705914369321,0.0000000000000000,0.0000000000000000
160830225930,1,8,6,1.0000000000000000,0,0.1000000000000000,0.1000000000000000,0.0000000000000000,0.0000000000000000,0.0090000000000000,2.8667504949893239,0.0954181541300527,0.0000000000000000,5.6024529837727064,-2.4993917897153319,-0.2370912614260907,1.7839391139634992,0.0062114620979260,1.7829340553065949,0.0000000293200026,0.8753832787144853,0.0193409495093549,1.4638764932090205,0.0000000000000000,0.0000000000000000
160830225930,2,8,6,1.0000000000000000,0,0.1000000000000000,0.1000000000000000,0.0000000000000000,0.0000000000000000,0.0080000000000000,2.8667516316780883,0.0848161409318886,0.0000000000000000,5.6024531604334289,-2.4993919469872976,-0.2370901438460995,1.7839394492760403,0.0062114673285537,1.7829338345211938,0.0000000360856481,0.8753833063177232,0.0193409656834105,1.4638764295096927,0.0000000000000000,0.0000000000000000
160830225930,3,8,6,1.0000000000000000,0,0.1000000000000000,0.1000000000000000,0.0000000000000000,0.0000000000000000,0.0070000000000000,2.8667527619236948,0.0742141487756489,0.0000000000000000,5.6024544673113725,-2.4993931123589879,-0.2370891546634730,1.7839401147743101,0.0062114708418949,1.7829340018071420,0.0000000318222425,0.8753835105174019,0.0193409791841006,1.4638760772329420,0.0000000000000000,0.0000000000000000
160830225930,4,8,6,1.0000000000000000,0,0.1000000000000000,0.1000000000000000,0.0000000000000000,0.0000000000000000,0.0060000000000000,2.8667537433528265,0.0636121467552195,0.0000000000000000,5.6024556190981869,-2.4993941394313755,-0.2370882975563007,1.7839407018067508,0.0062114754637731,1.7829341486370804,0.0000000275656013,0.8753836904840917,0.0193409910990740,1.4638757668219005,0.0000000000000000,0.0000000000000000
160830225930,5,8,6,1.0000000000000000,0,0.1000000000000000,0.1000000000000000,0.0000000000000000,0.0000000000000000,0.0050000000000000,2.8667545761100293,0.0530101361725068,0.0000000000000000,5.6024566162956084,-2.4993950286522963,-0.2370875724344348,1.7839412099015626,0.0062114775353274,1.7829342760291069,0.0000000233148488,0.8753838462961888,0.0193410014139531,1.4638754980143702,0.0000000000000000,0.0000000000000000
160830225930,6,8,6,1.0000000000000000,0,0.1000000000000000,0.1000000000000000,0.0000000000000000,0.0000000000000000,0.0040000000000000,2.8667552603445152,0.0424081183231167,0.0000000000000000,5.6024574593417942,-2.4993957804128288,-0.2370869791961714,1.7839416384786744,0.0062114728927014,1.7829343851004276,0.0000000190690073,0.8753839780221553,0.0193410101269639,1.4638752705652687,0.0000000000000000,0.0000000000000000
160830225930,7,8,6,1.0000000000000000,0,0.1000000000000000,0.1000000000000000,0.0000000000000000,0.0000000000000000,0.0030000000000000,2.8667557961843100,0.0318060944971740,0.0000000000000000,5.6024581486032661,-2.4993963950401570,-0.2370865177532318,1.7839419902048601,0.0062114762160791,1.7829344725060494,0.0000000148272425,0.8753840857192603,0.0193410172690444,1.4638750848351736,0.0000000000000000,0.0000000000000000
160830225930,8,8,6,1.0000000000000000,0,0.1000000000000000,0.1000000000000000,0.0000000000000000,0.0000000000000000,0.0020000000000000,2.8667561837702413,0.0212040659803540,0.0000000000000000,5.6024586843812285,-2.4993968728031031,-0.2370861879974464,1.7839422614108043,0.0062114657973670,1.7829345434542021,0.0000000105886664,0.8753841694345669,0.0193410227928147,1.4638749400636579,0.0000000000000000,0.0000000000000000
160830225930,9,8,6,1.0000000000000000,0,0.1000000000000000,0.1000000000000000,0.0000000000000000,0.0000000000000000,0.0010000000000000,2.8667564230643192,0.0106020340547955,0.0000000000000000,5.6024590669124139,-2.4993972139129204,-0.2370859899924618,1.7839424580280854,0.0062114753734233,1.7829345900696381,0.0000000063529063,0.8753842292050646,0.0193410267783962,1.4638748372390604,0.0000000000000000,0.0000000000000000
160830230348,0,8,6,1.0000000000000000,0,0.1000000000000000,0.1000000000000000,0.0000000000000000,0.0000000000000000,0.0100000000000000,2.8667491034101320,0.1060201354607718,0.0000000000000000,5.6024516978929926,-2.4993906428063157,-0.2370925142480975,1.7839387045829294,0.0062114617945174,1.7829336473390560,0.0000000000007109,0.8753830777957801,0.0193409505817765,1.4638768237060977,0.0000000000000000,0.0000000000000000
160830230348,1,8,6,1.0000000000000000,0,0.1000000000000000,0.1000000000000000,0.0000000000000000,0.0000000000000000,0.0080000000000000,2.8667515028872570,0.0848161150629813,0.0000000000000000,5.6024519985000909,-2.4993909109254622,-0.2370901472090192,1.7839536026888350,0.0062973125728119,1.7829134185301372,0.0000000726023233,0.8753831247656392,0.0193411589886715,1.4638792928419238,0.0000000000000000,0.0000000000000000
160830230348,2,8,6,1.0000000000000000,0,0.1000000000000000,0.1000000000000000,0.0000000000000000,0.0000000000000000,0.0060000000000000,2.8667536156828790,0.0636121275219887,0.0000000000000000,5.6024544673116123,-2.4993931123591979,-0.2370883009043163,1.7839549168230404,0.0062973194874413,1.7829136781504733,0.0000000593878509,0.8753835105174393,0.0193411878353025,1.4638786238878820,0.0000000000000000,0.0000000000000000
160830230348,3,8,6,1.0000000000000000,0,0.1000000000000000,0.1000000000000000,0.0000000000000000,0.0000000000000000,0.0040000000000000,2.8667551668999636,0.0424081089380116,0.0000000000000000,5.6024566162961662,-2.4993950286527911,-0.2370869816445598,1.7839560122577796,0.0062973279688476,1.7829139519737049,0.0000000423838801,0.8753838462962760,0.0193412100713700,1.4638780449632660,0.0000000000000000,0.0000000000000000
160830230348,4,8,6,1.0000000000000000,0,0.1000000000000000,0.1000000000000000,0.0000000000000000,0.0000000000000000,0.0020000000000000,2.8667561243816326,0.0212040629981206,0.0000000000000000,5.6024581486041036,-2.4993963950408951,-0.2370861895559992,1.7839567936417180,0.0062973328735451,1.7829141470027456,0.0000000254158932,0.8753840857193912,0.0193412259428331,1.4638776321588522,0.0000000000000000,0.0000000000000000
160830230810,0,0,6,1.0000000000000000,0,0.1000000000000000,0.1000000000000000,0.0000000000000000,0.0000000000000000,0.0200000000000000,2.8667565224795268,0.0000000000000000,0.0000000000000000,5.6024593728434668,-2.4993974867172337,-0.2370859235983378,1.7839113925938572,0.0060339202705062,1.7829760577597558,0.0000000000006033,0.8753842770067917,0.0193405917755207,1.4638685207686686,0.0000000000000000,0.0000000000000000
160831181225,0,0,10,1.0000000000000000,0,0.1000000000000000,0.1000000000000000,0.0000000000000000,0.0000000000000000,0.0200000000000000,2.9007688529553786,0.0000000000000000,-0.0016896034495472,0.0000000000000000,6.2252785468367140,-3.0839610746850892,-0.2405522985934048,1.9815699060976886,0.0032159555299730,1.9815680606843817,0.0000000688165999,0.0607937358089523,0.0000753467295568,19.9348545943998161,0.0000000000000000,0.0000000000000000
160831181225,0,0,10,1.0000000000000000,0,0.1000000000000000,0.1000000000000000,0.0000000000000000,0.0000000000000000,0.0200000000000000,2.9007688529553786,0.0000000000000000,-0.0016896034495472,0.0000000000000000,6.2252785468367140,-3.0839610746850892,-0.2405522985934048,1.9815699060976886,0.0032159555299730,1.9815680606843817,0.0000000688165999,0.0607937358089523,0.0000753467295568,19.9348545943998161,0.0000000000000000,0.0000000000000000
160901100237,0,0,10,1.0000000000000000,0,0.1000000000000000,0.1000000000000000,0.0000000000000000,0.0000000000000000,0.0200000000000000,2.9007687878690569,0.0000000000000000,-0.0016871529346601,0.0000000000000000,6.2252701478015142,-3.0839527341098254,-0.2405522766094994,1.9815670936986876,0.0031414279782433,1.9815650254677850,0.0000000000030876,0.0607936537871242,0.0000752727186358,19.9349669056496452,0.0000000000000000,0.0000000000000000
160901101526,0,0,10,1.0000000000000000,0,0.1000000000000000,0.1000000000000000,0.0000000000000000,0.0000000000000000,0.0200000000000000,2.9007687878690569,0.0000000000000000,-0.0016871529346601,0.0000000000000000,6.2252701478015142,-3.0839527341098254,-0.2405522766094994,1.9815670936986876,0.0031414279782433,1.9815650254677850,0.0000000000030876,0.0607936537871242,0.0000752727186358,19.9349669056496452,0.0000000000000000,0.0000000000000000
160901101526,1,0,10,1.0000000000000000,0,0.1000000000000000,0.1000000000000000,0.0000000000000000,0.0000000000000000,0.0400000000000000,2.9007687878450752,0.0000000000000000,-0.0016871413621242,0.0000000000000000,6.2252701446837708,-3.0839527310208186,-0.2405522766047525,1.9815670925841755,0.0031414975087236,1.9815650246018897,0.0000000000000156,0.0607936537566774,0.0000752727186396,19.9349669142905981,0.0000000000000000,0.0000000000000000
160901101526,2,0,10,1.0000000000000000,0,0.1000000000000000,0.1000000000000000,0.0000000000000000,0.0000000000000000,0.0600000000000000,2.9007687878452173,0.0000000000000000,0.0002752131639775,0.0000000000000000,6.2252701446926295,-3.0839527310295867,-0.2405522766046913,1.9815677054505270,0.0027730013384973,1.9815643199226860,0.0000000000000215,0.0607936537567640,0.0000752727304782,19.9349731992884855,0.0000000000000000,0.0000000000000000
160901101526,3,0,10,1.0000000000000000,0,0.1000000000000000,0.1000000000000000,0.0000000000000000,0.0000000000000000,0.0800000000000000,2.9007687880946649,0.0000000000000000,0.0002415618469191,0.0000000000000000,6.2252701770871433,-3.0839527631255632,-0.2405522766537711,1.9815680229044266,0.0025708210094606,1.9815639144879063,0.0000000000320891,0.0607936540731166,0.0000752727357934,19.9349758658891361,0.0000000000000000,0.0000000000000000
160901101526,4,0,10,1.0000000000000000,0,0.1000000000000000,0.1000000000000000,0.0000000000000000,0.0000000000000000,0.1000000000000000,2.9007687878450326,0.0000000000000000,0.0002415239793006,0.0000000000000000,6.2252701446838419,-3.0839527310208745,-0.2405522766048005,1.9815680129243773,0.0025705933179124,1.9815639036938870,0.0000000000000205,0.0607936537566781,0.0000752727358654,19.9349759724271109,0.0000000000000000,0.0000000000000000
160901103257,0,1,10,1.0000000000000000,0,0.1000000000000000,0.1000000000000000,0.0000000000000000,0.0000000000000000,0.0200000000000000,2.9055486187077717,0.0000000000000000,0.0002646176849508,0.0000000000000000,6.3070906070426656,-3.1655519798467910,-0.2359936906063229,2.0076114639605880,0.0032273820684146,2.0076098590117510,0.0000000296824316,0.0615926817094010,0.0000752306596680,19.6764006728731822,0.0000000000000000,0.0000000000000000
160901103022,0,8,10,1.0000000000000000,0,0.1000000000000000,0.1000000000000000,0.0000000000000000,0.0000000000000000,0.0200000000000000,2.9007389346980359,0.2478615999636449,-0.0016871803454496,0.0000000000000000,6.2252368536332252,-3.0839197468601656,-0.2405818229037111,1.9815507188537049,0.0031414969181186,1.9815602041319929,0.0000000000002238,0.0607933286487620,0.0000752726386432,19.9350740743102222,0.0000000000000000,0.0000000000000000
160901105109,0,10,10,0.0100000000000000,0,0.0080000000000000,0.1000000000000000,0.0000000000000000,0.0000000000000000,1.8000000000000000,1.0803725886741824,2.0528004876131636,-0.0000000000001189,0.0000000000000000,1.1111111111111163,-0.0146668021147671,-0.0160717203221628,0.0264002484433219,0.0264002391706981,0.5544707756279634,0.0000000347843288,0.1356336805555562,0.0000000000004604,0.0000001934748934,0.0000000000000000,0.0000000000000000
160901123436,0,8,10,1.0000000000000000,0,0.1000000000000000,0.1000000000000000,0.0000000000000000,0.0000000000000000,0.0200000000000000,2.9007389346979782,0.0011480202152864,-0.0016871185006902,0.0000000000000000,6.2252368536100722,-3.0839197468372173,-0.2405818229035579,1.9815507182132297,0.0031418684911339,1.9815602047813079,0.0000000000001107,0.0607933286485359,0.0000752726387100,19.9350740674349431,0.0000000000000000,0.0000000000000000
160901131656,0,8,10,1.0000000000000000,0,0.1000000000000000,0.1000000000000000,0.0000000000000000,0.0000000000000000,0.0200000000000000,2.9007389346979782,0.0011480202152864,-0.0016871185006902,0.0000000000000000,6.2252368536100722,-3.0839197468372173,-0.2405818229035579,1.9815507182132297,0.0031418684911339,1.9815602047813079,0.0000000000001107,0.0607933286485359,0.0000752726387100,19.9350740674349431,0.0000000000000000,0.0000000000000000
160901132729,0,8,10,1.0000000000000000,0,0.1000000000000000,0.1000000000000000,0.0000000000000000,0.0000000000000000,0.0200000000000000,2.9007389346979782,0.0011480202152864,-0.0016871185006902,0.0000000000000000,6.2252368536100722,-3.0839197468372173,-0.2405818229035579,1.9815507182132297,0.0031418684911339,1.9815602047813079,0.0000000000001107,0.0607933286485359,0.0000752726387100,19.9350740674349431,0.0000000000000000,0.0000000000000000
160901131656,1,8,10,1.0000000000000000,0,0.1000000000000000,0.1000000000000000,0.0000000000000000,0.0000000000000000,0.0400000000000000,2.9006472998807746,0.0023002808437833,-0.0016872336198313,0.0000000000000000,6.2251288507173195,-3.0838127402717386,-0.2406724614855462,1.9814989655772983,0.0031418622397623,1.9815431943939177,0.0000000000019108,0.0607922739327863,0.0000752764999378,19.9354216754158244,0.0000000000000000,0.0000000000000000
160901132729,1,8,10,1.0000000000000000,0,0.1000000000000000,0.1000000000000000,0.0000000000000000,0.0000000000000000,0.0400000000000000,2.9006472998807746,0.0023002808437833,-0.0016872336198313,0.0000000000000000,6.2251288507173195,-3.0838127402717386,-0.2406724614855462,1.9814989655772983,0.0031418622397623,1.9815431943939177,0.0000000000019108,0.0607922739327863,0.0000752764999378,19.9354216754158244,0.0000000000000000,0.0000000000000000
160831100516,0,0,6,1.0000000000000000,0,0.1000000000000000,0.1000000000000000,0.0000000000000000,0.0000000000000000,0.0200000000000000,2.8667565224792204,0.0000000000000000,0.0000000000000000,5.6024593728408885,-2.4993974867147193,-0.2370859235983795,1.7837292048254767,0.0016906555109382,1.7831851089508828,0.0000000000000007,0.8753842770063888,0.0193380787780755,1.4638125616737734,0.0000000000000000,0.0000000000000000
160831100528,0,0,6,1.0000000000000000,0,0.1000000000000000,0.1000000000000000,0.0000000000000000,0.0000000000000000,0.0200000000000000,2.8667565161349060,0.0000000000000000,0.0000000000000000,5.6024593151782653,-2.4993974357566344,-0.2370859236851022,1.7831000568367354,0.0008035450649606,1.7840031233530751,0.0000000017898279,0.8753842679966040,0.0193407072460444,1.4620740459089558,0.0000000000000000,0.0000000000000000
160831100716,0,0,6,1.0000000000000000,0,0.1000000000000000,0.1000000000000000,0.0000000000000000,0.0000000000000000,0.0200000000000000,2.8667565195266151,0.0000000000000000,0.4225765078169070,0.0000000000000000,5.6024593460045757,-2.4993974629991538,-0.2370859236387035,1.7842822427155611,0.0028620346420224,1.7835908164539296,0.0000000008332380,0.8753842728132150,0.0193506100264241,1.4617453160411997,0.0000000000000000,0.0000000000000000
160831110028,0,0,6,1.0000000000000000,0,0.1000000000000000,0.1000000000000000,0.0000000000000000,0.0000000000000000,0.0200000000000000,2.8667565224759910,0.0000000000000000,0.4225405182583652,0.0000000000000000,5.6024593728115377,-2.4993974866887858,-0.2370859235984233,1.7843911409629702,0.0021289974052258,1.7834099820266380,0.0000000000009119,0.8753842770018028,0.0193512224749275,1.4621884752938730,0.0000000000000000,0.0000000000000000
160831110343,0,0,6,1.0000000000000000,0,0.1000000000000000,0.1000000000000000,0.0000000000000000,0.0000000000000000,0.0200000000000000,2.8667565224798510,0.0000000000000000,0.4225406905551286,0.0000000000000000,5.6024593728465719,-2.4993974867197908,-0.2370859235983607,1.7843907407880277,0.0021322320446223,1.7834108334203052,0.0000000000001081,0.8753842770072768,0.0193512206097723,1.4621866704867088,0.0000000000000000,0.0000000000000000
160831110622,0,0,6,1.0000000000000000,0,0.1000000000000000,0.1000000000000000,0.0000000000000000,0.0000000000000000,0.0200000000000000,2.8667565224792160,0.0000000000000000,0.4225420712731116,0.0000000000000000,5.6024593728408858,-2.4993974867147175,-0.2370859235983822,1.7843874994398967,0.0021582520816313,1.7834176599675633,0.0000000000000010,0.8753842770063883,0.0193512053634078,1.4621721176616194,0.0000000000000000,0.0000000000000000
160831110854,0,0,6,1.0000000000000000,0,0.1000000000000000,0.1000000000000000,0.0000000000000000,0.0000000000000000,0.0200000000000000,2.8667565224781528,0.0000000000000000,0.4225097727956404,0.0000000000000000,5.6024593728311540,-2.4993974867061195,-0.2370859235983895,1.7844493030883493,0.0015900893362526,1.7832596425521192,0.0000000000003025,0.8753842770048678,0.0193514383181094,1.4624758493017505,0.0000000000000000,0.0000000000000000
160831111007,0,0,6,1.0000000000000000,0,0.1000000000000000,0.1000000000000000,0.0000000000000000,0.0000000000000000,0.0200000000000000,2.8667565224792240,0.0000000000000000,0.4225111094550578,0.0000000000000000,5.6024593728408876,-2.4993974867147193,-0.2370859235983760,1.7844472566360106,0.0016121253639612,1.7832661211372092,0.0000000000000016,0.8753842770063887,0.0193514331864973,1.4624646178645564,0.0000000000000000,0.0000000000000000
160831111135,0,0,6,1.0000000000000000,0,0.1000000000000000,0.1000000000000000,0.0000000000000000,0.0000000000000000,0.0200000000000000,2.8667565221594145,0.0000000000000000,0.4226150637099859,0.0000000000000000,5.6024593699338769,-2.4993974841459972,-0.2370859236027356,1.7840638865327767,0.0023140594637910,1.7837968354501590,0.0000000000903311,0.8753842765521682,0.0193490539972094,1.4610044713111792,0.0000000000000000,0.0000000000000000
160831111306,0,0,6,1.0000000000000000,0,0.1000000000000000,0.1000000000000000,0.0000000000000000,0.0000000000000000,0.0200000000000000,2.8667565224783877,0.0000000000000000,0.4226277427229451,0.0000000000000000,5.6024593728333389,-2.4993974867080500,-0.2370859235983924,1.7839323492218764,0.0020474386613403,1.7838717961309736,0.0000000000002346,0.8753842770052092,0.0193480138884883,1.4606046744112344,0.0000000000000000,0.0000000000000000
160831111410,0,0,6,1.0000000000000000,0,0.1000000000000000,0.1000000000000000,0.0000000000000000,0.0000000000000000,0.0200000000000000,2.8667565224792257,0.0000000000000000,0.4226275928074456,0.0000000000000000,5.6024593728409462,-2.4993974867147712,-0.2370859235983807,1.7839343035050859,0.0020511685266983,1.7838708615428538,0.0000000000000023,0.8753842770063978,0.0193480297176541,1.4606104445840118,0.0000000000000000,0.0000000000000000
160831111539,0,0,6,1.0000000000000000,0,0.1000000000000000,0.1000000000000000,0.0000000000000000,0.0000000000000000,0.0200000000000000,2.8667565140299409,0.0000000000000000,0.4223196312755269,0.0000000000000000,5.6024592960470505,-2.4993974188492762,-0.2370859237139158,1.7845006989040422,0.0008527560499472,1.7823662571018575,0.0000000023833186,0.8753842650073516,0.0193500604174774,1.4634456585930526,0.0000000000000000,0.0000000000000000
160831113222,0,0,6,1.0000000000000000,0,0.1000000000000000,0.1000000000000000,0.0000000000000000,0.0000000000000000,0.0200000000000000,2.8667565205196537,0.0000000000000000,0.4218715849789681,0.0000000000000000,5.6024593550301871,-2.4993974709753206,-0.2370859236251317,1.7839125409203800,0.0045653082136302,1.7829745547032458,0.0000000005530704,0.8753842742234667,0.0193406082765244,1.4638687738542921,0.0000000000000000,0.0000000000000000
160831113430,0,0,6,1.0000000000000000,0,0.1000000000000000,0.1000000000000000,0.0000000000000000,0.0000000000000000,0.0200000000000000,2.8667565162754718,0.0000000000000000,0.4224265151251518,0.0000000000000000,5.6024593164487984,-2.4993974368856930,-0.2370859236831000,1.7845180756982915,0.0003868573924912,1.7828629959305418,0.0000000017516129,0.8753842681951247,0.0193512421445614,1.4630218020927910,0.0000000000000000,0.0000000000000000
160831113627,0,0,6,1.0000000000000000,0,0.1000000000000000,0.1000000000000000,0.0000000000000000,0.0000000000000000,0.0200000000000000,2.8667565224772424,0.0000000000000000,0.4223720521360868,0.0000000000000000,5.6024593728228878,-2.4993974866988142,-0.2370859235984037,1.7845199552126563,0.0001740484747600,1.7826087056802726,0.0000000000005593,0.8753842770035761,0.0193507327699213,1.4632658157901162,0.0000000000000000,0.0000000000000000
160831113906,0,8,6,1.0000000000000000,0,0.1000000000000000,0.1000000000000000,0.0000000000000000,0.0000000000000000,0.0200000000000000,2.8667267279173769,0.2120389706034140,0.4223780665731375,0.0000000000000000,5.6024283372914923,-2.4993698113924605,-0.2371123680759402,1.7837186168348760,0.0016991496158082,1.7831758241418543,0.0000000000001694,0.8753794277017957,0.0193378304819201,1.4638229550944100,0.0000000000000000,0.0000000000000000
160831114538,0,8,6,1.0000000000000000,0,0.1000000000000000,0.1000000000000000,0.0000000000000000,0.0000000000000000,0.0200000000000000,2.8667267279172655,0.0120893856920391,0.4223470505147327,0.0000000000000000,5.6024283372900783,-2.4993698113912077,-0.2371123680758966,1.7838220235917503,0.0018760841131049,1.7830627067840248,0.0000000000002309,0.8753794277015747,0.0193392493889815,1.4638580135502319,0.0000000000000000,0.0000000000000000
160831115146,0,8,6,1.0000000000000000,0,0.1000000000000000,0.1000000000000000,0.0000000000000000,0.0000000000000000,0.0200000000000000,2.8667267279173525,0.0120893856920206,0.4223662407028289,0.0000000000000000,5.6024283372912711,-2.4993698113922642,-0.2371123680759397,1.7837596054265068,0.0017678065189169,1.7831327910236321,0.0000000000002511,0.8753794277017610,0.0193383904789716,1.4638379332859539,0.0000000000000000,0.0000000000000000
160831115146,1,8,6,1.0000000000000000,0,0.1000000000000000,0.1000000000000000,0.0000000000000000,0.0000000000000000,0.0100000000000000,2.8667491034120065,0.0060445097484272,0.4223454514261238,0.0000000000000000,5.6024516979046703,-2.4993906428167563,-0.2370925142474702,1.7838528581351283,0.0019100241340329,1.7830432365052600,0.0000000000019168,0.8753830777976047,0.0193397515668827,1.4638570992226589,0.0000000000000000,0.0000000000000000
160831120034,0,8,6,1.0000000000000000,0,0.1000000000000000,0.1000000000000000,0.0000000000000000,0.0000000000000000,0.0200000000000000,2.8667267279172846,-0.0120893856920271,0.4223409026092334,0.0000000000000000,5.6024283372908492,-2.4993698113918899,-0.2371123680759617,1.7838410181498225,0.0019100056896570,1.7830401922573014,0.0000000000002619,0.8753794277016952,0.0193395123622934,1.4638634129288530,0.0000000000000000,0.0000000000000000
160831120034,1,8,6,1.0000000000000000,0,0.1000000000000000,0.1000000000000000,0.0000000000000000,0.0000000000000000,0.0100000000000000,2.8667491034053203,-0.0060445097488808,0.4224319351118916,0.0000000000000000,5.6024516978463375,-2.4993906427651287,-0.2370925142478841,1.7835351761946971,0.0013942235012426,1.7833568109824653,0.0000000000072539,0.8753830777884902,0.0193354383977575,1.4637289947334087,0.0000000000000000,0.0000000000000000
160831132713,0,8,6,1.0000000000000000,0,0.1000000000000000,0.1000000000000000,0.0000000000000000,0.0000000000000000,0.0200000000000000,2.8667267279058972,0.0120893856936491,0.4224273815988103,0.0000000000000000,5.6024283371862253,-2.4993698112994380,-0.2371123680759941,1.7835233426664678,0.0013942144849801,1.7833537658347667,0.0000000000032821,0.8753794276853477,0.0193351992474488,1.4637353564557785,0.0000000000000000,0.0000000000000000
160831133349,0,8,6,1.0000000000000000,0,0.1000000000000000,0.1000000000000000,0.0000000000000000,0.0000000000000000,0.0200000000000000,2.8667267279182886,0.0120893856919089,0.4224271707202244,0.0000000000000000,5.6024283372983970,-2.4993698113986160,-0.2371123680757714,1.7835242727709641,0.0013955910961108,1.7833530109360358,0.0000000000002495,0.8753794277028745,0.0193352116520591,1.4637358292409908,0.0000000000000000,0.0000000000000000
160831134310,0,8,6,1.0000000000000000,0,0.1000000000000000,0.1000000000000000,0.0000000000000000,0.0000000000000000,0.0200000000000000,2.8667267279174387,0.0120893856920167,0.4224254298877221,0.0000000000000000,5.6024283372915251,-2.4993698113924876,-0.2371123680758815,1.7835319165689671,0.0014069295989613,1.7833467762256767,0.0000000000002690,0.8753794277018008,0.0193353136565387,1.4637396968020246,0.0000000000000000,0.0000000000000000
160831134506,0,8,6,1.0000000000000000,0,0.1000000000000000,0.1000000000000000,0.0000000000000000,0.0000000000000000,0.0200000000000000,2.8667267279024147,0.0120893856941162,0.1077360802961382,0.0000000000000000,5.6024283371560895,-2.4993698112728118,-0.2371123680762071,1.7838664825170780,0.0019562501557141,1.7830090696365613,0.0000000000042139,0.8753794276806389,0.0193398661733566,1.4638700888521592,0.0000000000000000,0.0000000000000000
160901121317,0,8,6,1.0000000000000000,0,0.1000000000000000,0.1000000000000000,0.0000000000000000,0.0000000000000000,0.0200000000000000,2.8667267279174782,0.0120893856920176,0.1072426662114532,0.0000000000000000,5.6024283372914612,-2.4993698113924330,-0.2371123680758327,1.7839085297107942,0.0061065726981061,1.7829551609556722,0.0000000000002079,0.8753794277017908,0.0193404537626242,1.4638796038869795,0.0000000000000000,0.0000000000000000
160901122036,0,8,6,1.0000000000000000,0,0.1000000000000000,0.1000000000000000,0.0000000000000000,0.0000000000000000,0.0200000000000000,2.8667544907382623,0.0120891712808880,0.1080616974239597,0.0000000000000000,5.6024420287281611,-2.4993820111538851,-0.2370860844600235,1.7840394388101739,0.0068298423413049,1.7827784483343534,0.0000000000011903,0.8753815669887751,0.0193424870586252,1.4638908372771000,0.0000000000000000,0.0000000000000000
<<<<<<< HEAD
160901132004,0,12,10,0.0100000000000000,0,0.0080000000000000,0.1000000000000000,0.0000000000000000,0.0000000000000000,1.8000000000000000,1.0803725886741786,1.9471995123868349,-0.0000000000001312,0.0000000000000000,1.1111111111111176,-0.0146668021147684,-0.0160717203221647,0.0264002494149221,0.0264002381991599,0.5544707658291423,0.0000000137389732,0.1356336805555564,0.0000000000004604,0.0000002339614723,0.0000000000000000,0.0000000000000000
160901131656,2,8,10,1.0000000000000000,0,0.1000000000000000,0.1000000000000000,0.0000000000000000,0.0000000000000000,0.0600000000000000,2.9004875661369103,0.0034626493905999,-0.0016869468307869,0.0000000000000000,6.2249212104085538,-3.0836070190964362,-0.2408302761361916,1.9814036991866468,0.0031446774136269,1.9815062466688933,0.0000000000061557,0.0607902461953960,0.0000752827104042,19.9360898108553712,0.0000000000000000,0.0000000000000000
160901132729,2,8,10,1.0000000000000000,0,0.1000000000000000,0.1000000000000000,0.0000000000000000,0.0000000000000000,0.0600000000000000,2.9004875661369103,0.0034626493905999,-0.0016869468307869,0.0000000000000000,6.2249212104085538,-3.0836070190964362,-0.2408302761361916,1.9814036991866468,0.0031446774136269,1.9815062466688933,0.0000000000061557,0.0607902461953960,0.0000752827104042,19.9360898108553712,0.0000000000000000,0.0000000000000000
=======
160903190241,0,0,6,1.0000000000000000,0,0.1000000000000000,0.1000000000000000,0.0000000000000000,0.0000000000000000,0.0200000000000000,2.8667565224792266,0.0000000000000000,0.1072888785514790,0.0000000000000000,5.6024593728408894,-2.4993974867147215,-0.2370859235983731,1.7839313538499224,0.0061469007373425,1.7829497906459966,0.0000000000000017,0.8753842770063889,0.0193408716249185,1.4638726381743192,0.0000000000000000,0.0000000000000000
>>>>>>> 0d0b83e21864c5e154bc70cfc535c8de5ec6def5
160902112252,0,8,6,1.0000000000000000,0,0.1000000000000000,0.1000000000000000,0.0000000000000000,0.0000000000000000,0.0200000000000000,2.8667544907381606,0.0120891712809065,0.4223410443887211,0.0000000000000000,5.6024420287268750,-2.4993820111527985,-0.2370860844599649,1.7838766492907145,0.0019561554245324,1.7830076475164196,0.0000000000018923,0.8753815669885742,0.0193401847574136,1.4638662231475457,0.0000000000000000,0.0000000000000000
160902120522,0,8,6,1.0000000000000000,0,0.1000000000000000,0.1000000000000000,0.0000000000000000,0.0000000000000000,0.0200000000000000,2.8667544933849101,0.0120891709065616,0.4223395942373572,0.0000000000000000,5.6024420526005585,-2.4993820324462734,-0.2370860843894442,1.7838809136174614,0.0019639745414733,1.7830023441861813,0.0000000004543536,0.8753815707188373,0.0193402440278004,1.4638672689763457,0.0000000000000000,0.0000000000000000
160902120725,0,8,6,1.0000000000000000,0,0.1000000000000000,0.1000000000000000,0.0000000000000000,0.0000000000000000,0.0200000000000000,2.8667544905500191,0.0120891713074004,0.4221184458106091,0.0000000000000000,5.6024420270181876,-2.4993820096427206,-0.2370860844627192,1.7843180380815116,0.0026035131791902,1.7821774750427537,0.0000000000523529,0.8753815667215917,0.0193467044712005,1.4638082589564325,0.0000000000000000,0.0000000000000000
160902121009,0,8,6,1.0000000000000000,0,0.1000000000000000,0.1000000000000000,0.0000000000000000,0.0000000000000000,0.0200000000000000,2.8667544907353957,0.0120891712812637,0.4223923424871181,0.0000000000000000,5.6024420287041305,-2.4993820111325045,-0.2370860844602916,1.7837084755428365,0.0016657131061224,1.7831948954645767,0.0000000000002477,0.8753815669850203,0.0193378727411008,1.4638111400142149,0.0000000000000000,0.0000000000000000
160902121009,1,8,7,1.0000000000000000,0,0.1000000000000000,0.1000000000000000,0.0000000000000000,0.0000000000000000,0.0200000000000000,2.8896230254620248,0.0071019034370283,0.3769604361784695,0.0000000000000000,5.9045394242268996,-2.7748324290072666,-0.2403045753966562,1.8795899889455856,0.0004607676668916,1.8794653308411351,0.0000000033704473,0.4612921425177265,0.0048272605924175,2.6984839203363022,0.0000000000000000,0.0000000000000000
160902121009,2,8,8,1.0000000000000000,0,0.1000000000000000,0.1000000000000000,0.0000000000000000,0.0000000000000000,0.0200000000000000,2.8979610649929226,0.0038567190862988,0.3506404071667737,0.0000000000000000,6.0838270998018951,-2.9455240848136537,-0.2403989741356716,1.9365726613689618,0.0001204640676926,1.9365424531991198,0.0000000001041756,0.2376494960860115,0.0012049159497734,5.1595897823466306,0.0000000000000000,0.0000000000000000
<<<<<<< HEAD
160902133530,0,8,9,1.0000000000000000,0,0.1000000000000000,0.1000000000000000,0.0000000000000000,0.0000000000000000,0.0200000000000000,2.9001917194393347,0.0020784139729504,0.3368701071776626,0.0000000000000000,6.1774336706988899,-3.0367637297445791,-0.2404927089527660,1.9663459387799702,0.0000307903460074,1.9663385048848352,0.0000000000034600,0.1206530013808377,0.0003011168127275,10.0842980240121527,0.0000000000000000,0.0000000000000000
160902133530,1,8,10,1.0000000000000000,0,0.1000000000000000,0.1000000000000000,0.0000000000000000,0.0000000000000000,0.0200000000000000,2.9007686709170000,0.0011472396012748,-0.0016896042190984,0.0000000000000000,6.2252766079069373,-3.0839591536188919,-0.2405524627656317,1.9815692887378780,0.0032159539712874,1.9815674436832427,0.0000000688188672,0.0607937168740912,0.0000753467259289,19.9348608076161682,0.0000000000000000,0.0000000000000000
160902133530,2,8,11,1.0000000000000000,0,0.1000000000000000,0.1000000000000000,0.0000000000000000,0.0000000000000000,0.0200000000000000,2.9009153259241640,0.0006709707215522,-0.0008387746815736,0.0000000000000000,6.2494523864559586,-3.1079523854261080,-0.2405855955795562,1.9892630307648549,0.0016110734926852,1.9892625717546104,0.0000000099467140,0.0305149042307420,0.0000188285089727,39.6368790463691099,0.0000000000000000,0.0000000000000000
160905171821,0,8,11,1.0000000000000000,0,0.1000000000000000,0.1000000000000000,0.0000000000000000,0.0000000000000000,0.0200000000000000,2.9009153333726019,0.0006709324448784,-0.0001167681117108,0.0000000000000000,6.2494543224958106,-3.1079543082818244,-0.2405855971531423,1.9892633677168650,0.0021718630617740,1.9892638424260185,0.0000000020945813,0.0305149136840616,0.0000188177990551,39.6368250394993495,0.0000000000000000,0.0000000000000000
160905180806,0,8,11,1.0000000000000000,0,0.1000000000000000,0.1000000000000000,0.0000000000000000,0.0000000000000000,0.0200000000000000,2.9009153169032764,0.0006710167623867,0.0000338686367460,0.0000000000000000,6.2494500608648558,-3.1079500695287425,-0.2405855907448000,1.9892619695398044,0.0022128038464674,1.9892624967542840,0.0000000000006553,0.0305148928753167,0.0000188178006074,39.6368492554997900,0.0000000000000000,0.0000000000000000
=======
160902152007,0,8,6,1.0000000000000000,0,0.4900000000000000,0.1000000000000000,0.2000000000000000,0.0000000000000000,0.0200000000000000,2.9350026146184529,0.0015041537314607,0.0273545557946238,0.0000000000000000,6.2036400808071184,-3.0646761922761043,-0.2048812642306886,1.9751508972266718,0.0021205450356304,1.9749446607385290,0.0000000053959633,0.1978201556379821,0.0193911754156372,6.4747097800536206,0.0000000000000000,0.0000000000000000
160902152007,1,8,7,1.0000000000000000,0,0.4900000000000000,0.1000000000000000,0.2000000000000000,0.0000000000000000,0.0200000000000000,2.9361808707507944,0.0011822119752877,0.0248929884326770,0.0000000000000000,6.2226530891753340,-3.0818867261486926,-0.2048164541622844,1.9808501714709499,0.0005317613640001,1.9807987001164855,0.0000000002140181,0.0992132188962904,0.0048199783763608,12.5468408796051953,0.0000000000000000,0.0000000000000000
160902152007,2,8,8,1.0000000000000000,0,0.4900000000000000,0.1000000000000000,0.2000000000000000,0.0000000000000000,0.0200000000000000,2.9364758382963068,0.0010208995465268,0.0236590166155581,0.0000000000000000,6.2315049519358308,-3.0902589074811484,-0.2048280465111826,1.9835792264164112,0.0001331463851340,1.9835663648864723,0.0000000000114487,0.0496771759561211,0.0012032768401966,24.6832838330228057,0.0000000000000000,0.0000000000000000
160902152007,3,8,9,1.0000000000000000,0,0.4900000000000000,0.1000000000000000,0.2000000000000000,0.0000000000000000,0.0200000000000000,2.9365496114197640,0.0009401818617479,0.0230415859445105,0.0000000000000000,6.2357656777591686,-3.0943855279718182,-0.2048450096394518,1.9849132676996957,0.0000333125013513,1.9849100530223440,0.0000000000009008,0.0248555711007620,0.0003007126775029,48.9513421407249183,0.0000000000000000,0.0000000000000000
160906143116,0,0,6,1.0000000000000000,0,0.1000000000000000,0.1000000000000000,0.2000000000000000,0.0000000000000000,0.0200000000000000,2.8667565224792355,3.3709454436560220,0.3082956216599081,0.0000000000000000,0.0000000000000000,5.6024593728409791,-2.4993974867148014,-0.2370859235983738,1.7845198727940810,0.0001419883803273,1.7826067076258145,0.0000000000000022,0.8753842770064030,0.0193507279013532,1.4632674892205442,0.0000000000000000,0.0000000000000000
160906143127,0,0,6,1.0000000000000000,0,0.1000000000000000,0.1000000000000000,0.2000000000000000,0.0000000000000000,0.0200000000000000,2.8667565224785481,3.3765407706638459,0.3077644701063216,0.0000000000000000,0.0000000000000000,5.6024593728347591,-2.4993974867093036,-0.2370859235983869,1.7845209030325737,0.0002255097500371,1.7828034231080565,0.0000000000001905,0.8753842770054311,0.0193511433278219,1.4630849340159808,0.0000000000000000,0.0000000000000000
160906143256,0,8,6,1.0000000000000000,0,0.5000000000000000,0.1000000000000000,0.2000000000000000,0.0000000000000000,0.0200000000000000,2.9358906859338414,1.7967599535268663,0.0003942562306916,0.0014940094081820,0.0000000000000000,6.2041592458139956,-3.0651893334756535,-0.2039991179509140,1.9755192450152605,0.0025207096829484,1.9748777602757095,0.0000000000000218,0.1938799764316874,0.0193896033361323,6.6066741039514048,0.0000000000000000,0.0000000000000000
160906144046,0,8,6,1.0000000000000000,0,0.5000000000000000,0.1000000000000000,0.2000000000000000,0.0000000000000000,0.0200000000000000,2.9358906859338374,1.9343733722075200,0.0003941705352912,0.0014940094082074,0.0000000000000000,6.2041592458126988,-3.0651893334743714,-0.2039991179509050,1.9755184448655161,0.0025190107707125,1.9748788421605565,0.0000000000000024,0.1938799764316468,0.0193896046755973,6.6066729726878490,0.0000000000000000,0.0000000000000000
160906144426,0,8,6,1.0000000000000000,0,0.5000000000000000,0.1000000000000000,0.2000000000000000,0.0000000000000000,0.0200000000000000,2.9358906859348282,-0.0000000000000004,0.0003491123111632,0.0014940094042634,0.0000000000000000,6.2041592460120061,-3.0651893336738198,-0.2039991179521639,1.9750140281499342,0.0016260466470034,1.9753636712821883,0.0000000000068434,0.1938799764378752,0.0193894619452629,6.6055298352089151,0.0000000000000000,0.0000000000000000
160906145328,0,8,6,1.0000000000000000,0,0.5000000000000000,0.1000000000000000,0.2000000000000000,0.0000000000000000,0.0200000000000000,2.9358906872846191,-0.0000000000000000,0.0003476515575647,0.0014940040440619,0.0000000000000000,6.2041595206402800,-3.0651896049931673,-0.2039991199116452,1.9749950022862861,0.0015971581533313,1.9753766495473881,0.0000000043115706,0.1938799850200087,0.0193894290484192,6.6054742602846686,0.0000000000000000,0.0000000000000000
160906145710,0,8,6,1.0000000000000000,0,0.5000000000000000,0.1000000000000000,0.2000000000000000,0.0000000000000000,0.0200000000000000,2.9358906859338365,0.0000000000000002,0.0003396121786687,0.0014940094082040,0.0000000000000000,6.2041592458128711,-3.0651893334745441,-0.2039991179509074,1.9748863690683907,0.0014378528288239,1.9754445036377557,0.0000000000000071,0.1938799764316522,0.0193892165214350,6.6051490554958612,0.0000000000000000,0.0000000000000000
160906150041,0,8,6,1.0000000000000000,0,0.5000000000000000,0.1000000000000000,0.2000000000000000,0.0000000000000000,0.0200000000000000,2.9358906859338361,-0.0410711464496461,0.0003395782255067,0.0014940094082008,0.0000000000000000,6.2041592458130310,-3.0651893334747013,-0.2039991179509070,1.9748858995256913,0.0014371802815019,1.9754447791825802,0.0000000000000059,0.1938799764316572,0.0193892155101454,6.6051476072898572,0.0000000000000000,0.0000000000000000
160906153124,0,8,6,1.0000000000000000,0,0.5000000000000000,0.1000000000000000,0.2000000000000000,0.0000000000000000,0.0200000000000000,2.9358906859338334,-0.0410728986253011,0.0003408323907689,0.0014940094082079,0.0000000000000000,6.2041592458126695,-3.0651893334743447,-0.2039991179509056,1.9749031806941448,0.0014620231261199,1.9754345379966018,0.0000000000000020,0.1938799764316459,0.0193892522309959,6.6052006884511041,0.0000000000000000,0.0000000000000000
160906153349,0,8,6,1.0000000000000000,0,0.5000000000000000,0.1000000000000000,0.2000000000000000,0.0000000000000000,0.0200000000000000,2.9358906859338356,0.0523782514843826,0.0003502825258064,0.0014940094082003,0.0000000000000000,6.2041592458130514,-3.0651893334747271,-0.2039991179509080,1.9750292397864198,0.0016492296320199,1.9753531996393934,0.0000000000000136,0.1938799764316579,0.0193894869926704,6.6055733710460185,0.0000000000000000,0.0000000000000000
160906153349,1,8,7,1.0000000000000000,0,0.5000000000000000,0.1000000000000000,0.2000000000000000,0.0000000000000000,0.0200000000000000,2.9370596985963124,0.0472670701355728,0.0000835769978339,0.0011845458627072,0.0000000000000000,6.2225340175946577,-3.0817688143892403,-0.2039364089282856,1.9806816965415881,0.0003284146146688,1.9808573652560737,0.0000000490631518,0.0972270940249165,0.0048197065198512,12.8022111483070944,0.0000000000000000,0.0000000000000000
160907103302,0,8,6,1.0000000000000000,0,0.5000000000000000,0.1000000000000000,0.2000000000000000,0.0000000000000000,0.0200000000000000,2.9358906862504903,-0.0411186628164292,0.0007483873624963,0.0014940081398987,0.0000000000000000,6.2041593116236031,-3.0651893973950051,-0.2039991181394484,1.9753158499812313,0.0021237839623073,1.9751140840899537,0.0000000053434768,0.1938799784882376,0.0193897421914468,6.6063021578940511,0.0000000000000000,0.0000000000000000
160907103302,1,8,7,1.0000000000000000,0,0.5000000000000000,0.1000000000000000,0.2000000000000000,0.0000000000000000,0.0200000000000000,2.9370596985963098,-0.0463707361194207,0.0001905821679742,0.0011845458627053,0.0000000000000000,6.2225340175947519,-3.0817688143893331,-0.2039364089282870,1.9808269491899710,0.0005597478118906,1.9807464102380496,0.0000000490632883,0.0972270940249180,0.0048197578999933,12.8032437665415664,0.0000000000000000,0.0000000000000000
160907104316,0,8,6,1.0000000000000000,0,0.5000000000000000,0.1000000000000000,0.2000000000000000,0.0000000000000000,0.0200000000000000,2.9358906885723650,0.0523673953948712,0.0007443805933732,0.0014939989302079,0.0000000000000000,6.2041597826443633,-3.0651898638428636,-0.2039991217808930,1.9752934769710719,0.0020834348223473,1.9751364080859171,0.0000000084219617,0.1938799932076364,0.0193897459266883,6.6062516519340591,0.0000000000000000,0.0000000000000000
>>>>>>> 0d0b83e21864c5e154bc70cfc535c8de5ec6def5
160907124032,0,8,10,1.0000000000000000,0,0.1000000000000000,0.1000000000000000,0.2000000000000000,0.0000000000000000,0.0200000000000000,2.9007686058128588,-0.0588411224107782,0.0153994930713225,0.0011474047123167,0.0000000000000000,6.2252682067813172,-3.0839508109744109,-0.2405524407773871,1.9815662903004374,0.0032454323463141,1.9815645942976921,0.0000000000013424,0.0607936348318488,0.0000752727087379,19.9349710657350911,0.0000000000000000,0.0000000000000000
160907122520,0,8,11,1.0000000000000000,0,0.5000000000000000,0.1000000000000000,0.2000000000000000,0.0000000000000000,0.0200000000000000,2.9374484024749674,-0.0510704493085935,0.0003064788115631,0.0008937301600616,0.0000000000000000,6.2381730369701138,-3.0967437197473298,-0.2039818252754443,1.9856726302024219,0.0015753686174000,1.9856724325559558,0.0000000156523988,0.0060919658564161,0.0000188071707664,198.5432110582733856,0.0000000000000000,0.0000000000000000
