160628214601,0,7,8,0.0600000000000000,0,0.0500000000000000,0.1000000000000000,0.0100000000000000,0.0000000000000000,0.6000000000000000,3.0990378567866022,0.0000000000000000,3.3345171327733039,-0.1151647164904452,-0.1203146645438778,0.0890988298942671,1.6536458333333335,13.8472168056990625,0.2605091509979143,0.0000373998250740,0.1501881519348303,0.0000000000000000,0.0000000000000000
160628214601,1,7,8,0.0600000000000000,0,0.0500000000000000,0.1000000000000000,0.0100000000000000,0.0000000000000000,0.6000000000000000,3.0990378567866022,0.0000000000000000,3.3345171327733039,-0.1151647164904452,-0.1203146645438778,0.0890988298942671,1.6536458333333335,13.8472168056990625,0.2605091509979143,0.0000373998250740,0.1501881519348303,0.0000000000000000,0.0000000000000000
160628214601,2,7,8,0.0600000000000000,0,0.0500000000000000,0.1000000000000000,0.0100000000000000,0.0000000000000000,0.6000000000000000,3.0990378567866022,0.0000000000000000,3.3345171327733039,-0.1151647164904452,-0.1203146645438778,0.0890988298942671,1.6536458333333335,13.8472168056990625,0.2605091509979143,0.0000373998250740,0.1501881519348303,0.0000000000000000,0.0000000000000000
160628214635,0,7,8,0.0600000000000000,0,0.0500000000000000,0.1000000000000000,0.0100000000000000,0.0000000000000000,0.6000000000000000,3.0990378567866022,0.0000000000000000,3.3345171327733039,-0.1151647164904452,-0.1203146645438778,0.0890988298942671,1.6536458333333335,13.8472168056990625,0.2605091509979143,0.0000373998250740,0.1501881519348303,0.0000000000000000,0.0000000000000000
160628214635,1,7,8,0.0600000000000000,0,0.0500000000000000,0.1000000000000000,0.0100000000000000,0.0000000000000000,0.6000000000000000,3.0990378567866022,0.0000000000000000,3.3345171327733039,-0.1151647164904452,-0.1203146645438778,0.0890988298942671,1.6536458333333335,13.8472168056990625,0.2605091509979143,0.0000373998250740,0.1501881519348303,0.0000000000000000,0.0000000000000000
160628214635,2,7,8,0.0600000000000000,0,0.0500000000000000,0.1000000000000000,0.0100000000000000,0.0000000000000000,0.6000000000000000,3.0990378567866022,0.0000000000000000,3.3345171327733039,-0.1151647164904452,-0.1203146645438778,0.0890988298942671,1.6536458333333335,13.8472168056990625,0.2605091509979143,0.0000373998250740,0.1501881519348303,0.0000000000000000,0.0000000000000000
160628214635,3,7,8,0.0600000000000000,0,0.0500000000000000,0.1000000000000000,0.0100000000000000,0.0000000000000000,0.6000000000000000,3.0990378567866022,0.0000000000000000,3.3345171327733039,-0.1151647164904452,-0.1203146645438778,0.0890988298942671,1.6536458333333335,13.8472168056990625,0.2605091509979143,0.0000373998250740,0.1501881519348303,0.0000000000000000,0.0000000000000000
160628214635,4,7,8,0.0600000000000000,0,0.0500000000000000,0.1000000000000000,0.0100000000000000,0.0000000000000000,0.6000000000000000,3.0990378567866022,0.0000000000000000,3.3345171327733039,-0.1151647164904452,-0.1203146645438778,0.0890988298942671,1.6536458333333335,13.8472168056990625,0.2605091509979143,0.0000373998250740,0.1501881519348303,0.0000000000000000,0.0000000000000000
160628214635,5,7,8,0.0600000000000000,0,0.0500000000000000,0.1000000000000000,0.0100000000000000,0.0000000000000000,0.6000000000000000,3.0990378567866022,0.0000000000000000,3.3345171327733039,-0.1151647164904452,-0.1203146645438778,0.0890988298942671,1.6536458333333335,13.8472168056990625,0.2605091509979143,0.0000373998250740,0.1501881519348303,0.0000000000000000,0.0000000000000000
160628221910,0,7,8,0.0600000000000000,0,0.0500000000000000,0.1000000000000000,0.0100000000000000,0.0000000000000000,0.6000000000000000,3.0990378567866022,0.0000000000000000,3.3345171327733039,-0.1151647164904452,-0.1203146645438778,0.0890988298942671,1.6536458333333335,13.8472168056990625,0.2605091509979143,0.0000373998250740,0.1501881519348303,0.0000000000000000,0.0000000000000000
160628221910,1,7,8,0.0600000000000000,0,0.0500000000000000,0.1000000000000000,0.0090000000000000,0.0000000000000000,0.6000000000000000,3.0998446269982165,0.0000000000000000,3.3342922593799114,-0.1151647164904452,-0.1192829848269397,0.0870988298942671,1.6536458333333335,13.8472874576166589,0.2604915827640555,0.0000302979403844,0.1347340490294214,0.0000000000000000,0.0000000000000000
160628221910,2,7,8,0.0600000000000000,0,0.0500000000000000,0.1000000000000000,0.0080000000000000,0.0000000000000000,0.6000000000000000,3.1005443114379898,0.0000000000000000,3.3340910375907087,-0.1151647164904451,-0.1183820527062757,0.0850988298942671,1.6536458333333335,13.8473507112869552,0.2604758623117741,0.0000239419999625,0.1193712761681336,0.0000000000000000,0.0000000000000000
160628221910,3,7,8,0.0600000000000000,0,0.0500000000000000,0.1000000000000000,0.0070000000000000,0.0000000000000000,0.6000000000000000,3.1011449449804411,0.0000000000000000,3.3339134738275709,-0.1151647164904451,-0.1176038375923185,0.0830988298942671,1.6536458333333335,13.8474065506989010,0.2604619901427789,0.0000183325441954,0.1041018989365000,0.0000000000000000,0.0000000000000000
160628222134,0,7,8,0.0600000000000000,0,0.0500000000000000,0.1000000000000000,0.0100000000000000,0.0000000000000000,0.6000000000000000,3.0990378567866030,0.0000000000000000,3.3345171327733061,-0.1151647164904452,-0.1203146645438778,0.0890988298942671,1.6536458333333335,0.0117188054146656,0.2605091509979145,0.0000373998250399,0.1501881519348297,0.0000000000000000,0.0000000000000000
160628222134,1,7,8,0.0600000000000000,0,0.0500000000000000,0.1000000000000000,0.0090000000000000,0.0000000000000000,0.6000000000000000,3.0998446269982169,0.0000000000000000,3.3342922593799127,-0.1151647164904452,-0.1192829848269397,0.0870988298942671,1.6536458333333335,0.0102598956448807,0.2604915827640557,0.0000302979403503,0.1347340490294208,0.0000000000000000,0.0000000000000000
160628222134,2,7,8,0.0600000000000000,0,0.0500000000000000,0.1000000000000000,0.0080000000000000,0.0000000000000000,0.6000000000000000,3.1005443114379885,0.0000000000000000,3.3340910375907082,-0.1151647164904452,-0.1183820527062757,0.0850988298942671,1.6536458333333335,0.0089862623114781,0.2604758623117741,0.0000239419999284,0.1193712761681336,0.0000000000000000,0.0000000000000000
160628222134,3,7,8,0.0600000000000000,0,0.0500000000000000,0.1000000000000000,0.0070000000000000,0.0000000000000000,0.6000000000000000,3.1011449449804416,0.0000000000000000,3.3339134738275726,-0.1151647164904451,-0.1176038375923185,0.0830988298942671,1.6536458333333335,0.0078778767318684,0.2604619901427791,0.0000183325441613,0.1041018989364996,0.0000000000000000,0.0000000000000000
160628222134,4,7,8,0.0600000000000000,0,0.0500000000000000,0.1000000000000000,0.0060000000000000,0.0000000000000000,0.6000000000000000,3.1016532154083523,0.0000000000000000,3.3337595737595467,-0.1151647164904452,-0.1169416554842037,0.0810988298942671,1.6536458333333335,0.0069198265662457,0.2604499666999646,0.0000134700501314,0.0889279607431405,0.0000000000000000,0.0000000000000000
160628222134,5,7,8,0.0600000000000000,0,0.0500000000000000,0.1000000000000000,0.0050000000000000,0.0000000000000000,0.6000000000000000,3.1020746331562807,0.0000000000000000,3.3336293423018484,-0.1151647164904452,-0.1163899992258440,0.0790988298942671,1.6536458333333335,0.0061022998999836,0.2604397923673319,0.0000093549315156,0.0738514820641108,0.0000000000000000,0.0000000000000000
160628222134,6,7,8,0.0600000000000000,0,0.0500000000000000,0.1000000000000000,0.0040000000000000,0.0000000000000000,0.6000000000000000,3.1024136648898120,0.0000000000000000,3.3335227836149741,-0.1151647164904452,-0.1159444049263421,0.0770988298942671,1.6536458333333335,0.0054208558875969,0.2604314674699199,0.0000059875384973,0.0588744596985832,0.0000000000000000,0.0000000000000000
160628222134,7,7,8,0.0600000000000000,0,0.0500000000000000,0.1000000000000000,0.0030000000000000,0.0000000000000000,0.6000000000000000,3.1026738375723997,0.0000000000000000,3.3334399011039784,-0.1151647164904452,-0.1156013478928439,0.0750988298942671,1.6536458333333335,0.0048767069887604,0.2604249922737483,0.0000033681576920,0.0439988660364543,0.0000000000000000,0.0000000000000000
160628222836,0,7,8,0.0600000000000000,0,0.0100000000000000,0.1000000000000000,0.0100000000000000,0.0000000000000000,2.0000000000000000,0.9332954757933341,0.0000000000000000,1.0039354409170858,-0.0345494149471335,-0.0360943993631633,0.0890988298942671,0.4960937500000000,0.0221536264751543,0.3921622816082366,0.0004125953488942,0.3543190136813232,0.0000000000000000,0.0000000000000000
160628222836,1,7,8,0.0600000000000000,0,0.0100000000000000,0.1000000000000000,0.0200000000000000,0.0000000000000000,2.0000000000000000,0.9387455783852958,0.0000000000000000,1.0156060019971398,-0.0345494149471336,-0.0423704992659599,0.1090988298942671,0.4960937500000000,0.0376991837935068,0.3967210945301327,0.0016125372002413,0.7355403363817117,0.0000000000000000,0.0000000000000000
160628222836,2,7,8,0.0600000000000000,0,0.0100000000000000,0.1000000000000000,0.0300000000000000,0.0000000000000000,2.0000000000000000,0.9307087061427843,0.0000000000000000,1.0346290411961143,-0.0345494149471335,-0.0696558289194734,0.1290988298942671,0.4960937500000000,0.3871654310485018,0.4041519692172321,0.0034946514196720,1.0902734979378692,0.0000000000000000,0.0000000000000000
160628222836,3,7,8,0.0600000000000000,0,0.0100000000000000,0.1000000000000000,0.0400000000000000,0.0000000000000000,2.0000000000000000,0.9638245812828166,0.0000000000000000,1.0604388300540177,-0.0345494149471335,-0.0629014493639429,0.1490988298942671,0.4960937500000000,67.5744943680473824,0.4142339179898507,0.0059337215583520,1.3809781742564793,0.0000000000000000,0.0000000000000000
160628222836,4,7,8,0.0600000000000000,0,0.0100000000000000,0.1000000000000000,0.0500000000000000,0.0000000000000000,2.0000000000000000,1.0639390462992353,0.0000000000000000,1.0923661000385554,-0.0345494149471335,0.0042524467848841,0.1690988298942671,0.4960937500000000,7.5732341299838790,0.4267055078275607,0.0087723560722566,1.5923086242925653,0.0000000000000000,0.0000000000000000
160628222836,5,7,8,0.0600000000000000,0,0.0100000000000000,0.1000000000000000,0.0600000000000000,0.0000000000000000,2.0000000000000000,1.0986998877323235,0.0000000000000000,1.1297107512072870,-0.0345494149471336,0.0000293171090648,0.1890988298942671,0.4960937500000000,4.0937647185785986,0.4412932621903465,0.0119145144110795,1.7265441553153147,0.0000000000000000,0.0000000000000000
160628222836,6,7,8,0.0600000000000000,0,0.0100000000000000,0.1000000000000000,0.0700000000000000,0.0000000000000000,2.0000000000000000,1.1440397665088773,0.0000000000000000,1.1717951959487403,-0.0345494149471336,0.0009598626653612,0.2090988298942671,0.4960937500000000,2.7611871357812099,0.4577324984174767,0.0152457976169210,1.7965462754957882,0.0000000000000000,0.0000000000000000
160628222836,7,7,8,0.0600000000000000,0,0.0100000000000000,0.1000000000000000,0.0800000000000000,0.0000000000000000,2.0000000000000000,1.1399005168700962,0.0000000000000000,1.2179962926159644,-0.0345494149471335,-0.0524250763568143,0.2290988298942671,0.4960937500000000,31.0644573675289095,0.4757798018031111,0.0186826415532256,1.8243028541634041,0.0000000000000000,0.0000000000000000
160628222836,8,7,8,0.0600000000000000,0,0.0100000000000000,0.1000000000000000,0.0900000000000000,0.0000000000000000,2.0000000000000000,1.0733565272949126,0.0000000000000000,1.2677598986707683,-0.0345494149471335,-0.1724931968221600,0.2490988298942671,0.4960937500000000,310.2071631834043046,0.4952187104182689,0.0222393783531996,1.8376823918972616,0.0000000000000000,0.0000000000000000
160628222836,9,7,8,0.0600000000000000,0,0.0100000000000000,0.1000000000000000,0.1000000000000000,0.0000000000000000,2.0000000000000000,1.2839689147572773,0.0000000000000000,1.3206037646153401,-0.0345494149471335,-0.0191699080319539,0.2690988298942671,0.4960937500000000,5.0403550749769854,0.5158608455528673,0.0258151636568275,1.8477109106648397,0.0000000000000000,0.0000000000000000
160628222845,0,7,8,0.0600000000000000,0,0.0100000000000000,0.1000000000000000,0.0100000000000000,0.0000000000000000,2.0000000000000000,0.9332954757933341,0.0000000000000000,1.0039354409170858,-0.0345494149471335,-0.0360943993631633,0.0890988298942671,0.4960937500000000,0.0221536264751543,0.3921622816082366,0.0004125953488942,0.3543190136813232,0.0000000000000000,0.0000000000000000
160628222845,1,7,8,0.0600000000000000,0,0.0100000000000000,0.1000000000000000,0.0200000000000000,0.0000000000000000,2.0000000000000000,0.9387455783852958,0.0000000000000000,1.0156060019971398,-0.0345494149471336,-0.0423704992659599,0.1090988298942671,0.4960937500000000,0.0376991837935068,0.3967210945301327,0.0016125372002413,0.7355403363817117,0.0000000000000000,0.0000000000000000
160628222845,2,7,8,0.0600000000000000,0,0.0100000000000000,0.1000000000000000,0.0300000000000000,0.0000000000000000,2.0000000000000000,0.9307087061427843,0.0000000000000000,1.0346290411961143,-0.0345494149471335,-0.0696558289194734,0.1290988298942671,0.4960937500000000,0.3871654310485018,0.4041519692172321,0.0034946514196720,1.0902734979378692,0.0000000000000000,0.0000000000000000
160628222845,3,7,8,0.0600000000000000,0,0.0100000000000000,0.1000000000000000,0.0400000000000000,0.0000000000000000,2.0000000000000000,0.9638245812828166,0.0000000000000000,1.0604388300540177,-0.0345494149471335,-0.0629014493639429,0.1490988298942671,0.4960937500000000,67.5744943680473824,0.4142339179898507,0.0059337215583520,1.3809781742564793,0.0000000000000000,0.0000000000000000
160628222845,4,7,8,0.0600000000000000,0,0.0100000000000000,0.1000000000000000,0.0500000000000000,0.0000000000000000,2.0000000000000000,1.0639390462992353,0.0000000000000000,1.0923661000385554,-0.0345494149471335,0.0042524467848841,0.1690988298942671,0.4960937500000000,7.5732341299838790,0.4267055078275607,0.0087723560722566,1.5923086242925653,0.0000000000000000,0.0000000000000000
160628222845,5,7,8,0.0600000000000000,0,0.0100000000000000,0.1000000000000000,0.0600000000000000,0.0000000000000000,2.0000000000000000,1.0986998877323235,0.0000000000000000,1.1297107512072870,-0.0345494149471336,0.0000293171090648,0.1890988298942671,0.4960937500000000,4.0937647185785986,0.4412932621903465,0.0119145144110795,1.7265441553153147,0.0000000000000000,0.0000000000000000
160628222845,6,7,8,0.0600000000000000,0,0.0100000000000000,0.1000000000000000,0.0700000000000000,0.0000000000000000,2.0000000000000000,1.1440397665088773,0.0000000000000000,1.1717951959487403,-0.0345494149471336,0.0009598626653612,0.2090988298942671,0.4960937500000000,2.7611871357812099,0.4577324984174767,0.0152457976169210,1.7965462754957882,0.0000000000000000,0.0000000000000000
160628222845,7,7,8,0.0600000000000000,0,0.0100000000000000,0.1000000000000000,0.0800000000000000,0.0000000000000000,2.0000000000000000,1.1399005168700962,0.0000000000000000,1.2179962926159644,-0.0345494149471335,-0.0524250763568143,0.2290988298942671,0.4960937500000000,31.0644573675289095,0.4757798018031111,0.0186826415532256,1.8243028541634041,0.0000000000000000,0.0000000000000000
160628222845,8,7,8,0.0600000000000000,0,0.0100000000000000,0.1000000000000000,0.0900000000000000,0.0000000000000000,2.0000000000000000,1.0733565272949126,0.0000000000000000,1.2677598986707683,-0.0345494149471335,-0.1724931968221600,0.2490988298942671,0.4960937500000000,310.2071631834043046,0.4952187104182689,0.0222393783531996,1.8376823918972616,0.0000000000000000,0.0000000000000000
160628223112,0,7,8,0.0600000000000000,0,0.0100000000000000,0.1000000000000000,0.0200000000000000,0.0000000000000000,2.0000000000000000,0.9387455783852958,0.0000000000000000,1.0156060019971398,-0.0345494149471336,-0.0423704992659599,0.1090988298942671,0.4960937500000000,0.0376991837935068,0.3967210945301327,0.0016125372002413,0.7355403363817117,0.0000000000000000,0.0000000000000000
160628223112,1,7,8,0.0600000000000000,0,0.0100000000000000,0.1000000000000000,0.0190000000000000,0.0000000000000000,2.0000000000000000,0.9309011701057328,0.0000000000000000,1.0000000000000000,-0.0345494149471336,-0.0345494149471336,0.0690988298942671,0.4960937500000000,0.0134761161894046,0.3906250000000000,0.0000000000000000,0.0000000000000000,0.0000000000000000,0.0000000000000000
160628223112,2,7,8,0.0600000000000000,0,0.0100000000000000,0.1000000000000000,0.0180000000000000,0.0000000000000000,2.0000000000000000,0.9309011701057328,0.0000000000000000,1.0000000000000000,-0.0345494149471336,-0.0345494149471336,0.0690988298942671,0.4960937500000000,0.0134761161894046,0.3906250000000000,0.0000000000000000,0.0000000000000000,0.0000000000000000,0.0000000000000000
160628223112,3,7,8,0.0600000000000000,0,0.0100000000000000,0.1000000000000000,0.0170000000000000,0.0000000000000000,2.0000000000000000,0.9309011701057328,0.0000000000000000,1.0000000000000000,-0.0345494149471336,-0.0345494149471336,0.0690988298942671,0.4960937500000000,0.0134761161894046,0.3906250000000000,0.0000000000000000,0.0000000000000000,0.0000000000000000,0.0000000000000000
160628223112,4,7,8,0.0600000000000000,0,0.0100000000000000,0.1000000000000000,0.0160000000000000,0.0000000000000000,2.0000000000000000,0.9309011701057328,0.0000000000000000,1.0000000000000000,-0.0345494149471336,-0.0345494149471336,0.0690988298942671,0.4960937500000000,0.0134761161894046,0.3906250000000000,0.0000000000000000,0.0000000000000000,0.0000000000000000,0.0000000000000000
160628223112,5,7,8,0.0600000000000000,0,0.0100000000000000,0.1000000000000000,0.0150000000000000,0.0000000000000000,2.0000000000000000,0.9309011701057328,0.0000000000000000,1.0000000000000000,-0.0345494149471336,-0.0345494149471336,0.0690988298942671,0.4960937500000000,0.0134761161894046,0.3906250000000000,0.0000000000000000,0.0000000000000000,0.0000000000000000,0.0000000000000000
160628223112,6,7,8,0.0600000000000000,0,0.0100000000000000,0.1000000000000000,0.0140000000000000,0.0000000000000000,2.0000000000000000,0.9309011701057328,0.0000000000000000,1.0000000000000000,-0.0345494149471336,-0.0345494149471336,0.0690988298942671,0.4960937500000000,0.0134761161894046,0.3906250000000000,0.0000000000000000,0.0000000000000000,0.0000000000000000,0.0000000000000000
160628223112,7,7,8,0.0600000000000000,0,0.0100000000000000,0.1000000000000000,0.0130000000000000,0.0000000000000000,2.0000000000000000,0.9309011701057328,0.0000000000000000,1.0000000000000000,-0.0345494149471336,-0.0345494149471336,0.0690988298942671,0.4960937500000000,0.0134761161894046,0.3906250000000000,0.0000000000000000,0.0000000000000000,0.0000000000000000,0.0000000000000000
160628223112,8,7,8,0.0600000000000000,0,0.0100000000000000,0.1000000000000000,0.0120000000000000,0.0000000000000000,2.0000000000000000,0.9309011701057328,0.0000000000000000,1.0000000000000000,-0.0345494149471336,-0.0345494149471336,0.0690988298942671,0.4960937500000000,0.0134761161894046,0.3906250000000000,0.0000000000000000,0.0000000000000000,0.0000000000000000,0.0000000000000000
160628223112,9,7,8,0.0600000000000000,0,0.0100000000000000,0.1000000000000000,0.0110000000000000,0.0000000000000000,2.0000000000000000,0.9309011701057328,0.0000000000000000,1.0000000000000000,-0.0345494149471336,-0.0345494149471336,0.0690988298942671,0.4960937500000000,0.0134761161894046,0.3906250000000000,0.0000000000000000,0.0000000000000000,0.0000000000000000,0.0000000000000000
160628223112,10,7,8,0.0600000000000000,0,0.0100000000000000,0.1000000000000000,0.0100000000000000,0.0000000000000000,2.0000000000000000,0.9332954757933341,0.0000000000000000,1.0039354409170858,-0.0345494149471335,-0.0360943993631633,0.0890988298942671,0.4960937500000000,0.0221536264751543,0.3921622816082366,0.0004125953488942,0.3543190136813232,0.0000000000000000,0.0000000000000000
160628223112,11,7,8,0.0600000000000000,0,0.0100000000000000,0.1000000000000000,0.0090000000000000,0.0000000000000000,2.0000000000000000,0.9328577049005418,0.0000000000000000,1.0031894842091014,-0.0345494149471335,-0.0357848954480819,0.0870988298942671,0.4960937500000000,0.0209135339794923,0.3918708922691802,0.0003346997144320,0.3167372630313095,0.0000000000000000,0.0000000000000000
160628223241,0,7,8,0.0600000000000000,0,0.0100000000000000,0.1000000000000000,0.0200000000000000,0.0000000000000000,2.0000000000000000,0.9387455783852958,0.0000000000000000,1.0156060019971400,-0.0345494149471336,-0.0423704992659598,0.1090988298942671,0.4960937500000000,0.0376991837935068,0.3967210945301328,0.0016125372002410,0.7355403363817117,0.0000000000000000,0.0000000000000000
160628223241,1,7,8,0.0600000000000000,0,0.0100000000000000,0.1000000000000000,0.0190000000000000,0.0000000000000000,2.0000000000000000,0.9382330076590055,0.0000000000000000,1.0141000823936099,-0.0345494149471336,-0.0413663310546609,0.1070988298942671,0.4960937500000000,0.0348906664874743,0.3961328446850039,0.0014596660509703,0.6978117688579926,0.0000000000000000,0.0000000000000000
160628223241,2,7,8,0.0600000000000000,0,0.0100000000000000,0.1000000000000000,0.0180000000000000,0.0000000000000000,2.0000000000000000,0.9376814852169469,0.0000000000000000,1.0126683244601611,-0.0345494149471335,-0.0404767961691973,0.1050988298942671,0.4960937500000000,0.0327721022929001,0.3955735642422504,0.0013137870250073,0.6598532581378689,0.0000000000000000,0.0000000000000000
160628223241,3,7,8,0.0600000000000000,0,0.0100000000000000,0.1000000000000000,0.0170000000000000,0.0000000000000000,2.0000000000000000,0.9371071492020628,0.0000000000000000,1.0113111929872955,-0.0345494149471336,-0.0396860799817776,0.1030988298942671,0.4960937500000000,0.0310792417969331,0.3950434347606623,0.0011750274276144,0.6217159385718344,0.0000000000000000,0.0000000000000000
160628223241,4,7,8,0.0600000000000000,0,0.0100000000000000,0.1000000000000000,0.0160000000000000,0.0000000000000000,2.0000000000000000,0.9365230195749148,0.0000000000000000,1.0100291326259745,-0.0345494149471335,-0.0389814706866206,0.1010988298942671,0.4960937500000000,0.0296349457743501,0.3945426299320213,0.0010435093780748,0.5834524653702894,0.0000000000000000,0.0000000000000000
160628223241,5,7,8,0.0600000000000000,0,0.0100000000000000,0.1000000000000000,0.0150000000000000,0.0000000000000000,2.0000000000000000,0.9359397185597511,0.0000000000000000,1.0088225671291462,-0.0345494149471335,-0.0383526385173553,0.0990988298942671,0.4960937500000000,0.0283247970157897,0.3940713152848227,0.0009193495501726,0.5451168513988764,0.0000000000000000,0.0000000000000000
160628223241,6,7,8,0.0600000000000000,0,0.0100000000000000,0.1000000000000000,0.0140000000000000,0.0000000000000000,2.0000000000000000,0.9353659947141564,0.0000000000000000,1.0076918986172141,-0.0345494149471335,-0.0377911113551286,0.0970988298942671,0.4960937500000000,0.0270778765198489,0.3936296478973492,0.0008026589212406,0.5067642911652454,0.0000000000000000,0.0000000000000000
160628223241,7,7,8,0.0600000000000000,0,0.0100000000000000,0.1000000000000000,0.0130000000000000,0.0000000000000000,2.0000000000000000,0.9348091106125695,0.0000000000000000,1.0066375068704261,-0.0345494149471336,-0.0372898867379040,0.0950988298942671,0.4960937500000000,0.0258527201863084,0.3932177761212602,0.0006935425307576,0.4684509728659259,0.0000000000000000,0.0000000000000000
160628223241,8,7,8,0.0600000000000000,0,0.0100000000000000,0.1000000000000000,0.0120000000000000,0.0000000000000000,2.0000000000000000,0.9342751339080532,0.0000000000000000,1.0056597486510166,-0.0345494149471336,-0.0368431405073806,0.0930988298942671,0.4960937500000000,0.0246276297636256,0.3928358393168033,0.0005920992494463,0.4302338795159230,0.0000000000000000,0.0000000000000000
160628223241,9,7,8,0.0600000000000000,0,0.0100000000000000,0.1000000000000000,0.0110000000000000,0.0000000000000000,2.0000000000000000,0.9337691586999006,0.0000000000000000,1.0047589570579649,-0.0345494149471336,-0.0364460051666678,0.0910988298942671,0.4960937500000000,0.0233942732649948,0.3924839676007675,0.0004984215597955,0.3921705803321391,0.0000000000000000,0.0000000000000000
160628223241,10,7,8,0.0600000000000000,0,0.0100000000000000,0.1000000000000000,0.0100000000000000,0.0000000000000000,2.0000000000000000,0.9332954757933341,0.0000000000000000,1.0039354409170858,-0.0345494149471335,-0.0360943993631633,0.0890988298942671,0.4960937500000000,0.0221536264751543,0.3921622816082366,0.0004125953488942,0.3543190136813232,0.0000000000000000,0.0000000000000000
160628223241,11,7,8,0.0600000000000000,0,0.0100000000000000,0.1000000000000000,0.0090000000000000,0.0000000000000000,2.0000000000000000,0.9328577049005418,0.0000000000000000,1.0031894842091014,-0.0345494149471335,-0.0357848954480819,0.0870988298942671,0.4960937500000000,0.0209135339794923,0.3918708922691802,0.0003346997144320,0.3167372630313095,0.0000000000000000,0.0000000000000000
160628223241,12,7,8,0.0600000000000000,0,0.0100000000000000,0.1000000000000000,0.0080000000000000,0.0000000000000000,2.0000000000000000,0.9324588980844191,0.0000000000000000,1.0025213455382103,-0.0345494149471336,-0.0355146158118827,0.0850988298942671,0.4960937500000000,0.0196873793012873,0.3916099006008634,0.0002648067846689,0.2794833274593648,0.0000000000000000,0.0000000000000000
160628223241,13,7,8,0.0600000000000000,0,0.0100000000000000,0.1000000000000000,0.0070000000000000,0.0000000000000000,2.0000000000000000,0.9321016211634960,0.0000000000000000,1.0019312576435344,-0.0345494149471335,-0.0352811512776955,0.0830988298942671,0.4960937500000000,0.0184935027513686,0.3913793975170056,0.0002029815531300,0.2426148883698818,0.0000000000000000,0.0000000000000000
160628223241,14,7,8,0.0600000000000000,0,0.0100000000000000,0.1000000000000000,0.0060000000000000,0.0000000000000000,2.0000000000000000,0.9317880179860824,0.0000000000000000,1.0014194269556635,-0.0345494149471335,-0.0350824966452611,0.0810988298942671,0.4960937500000000,0.0173550773032137,0.3911794636545561,0.0001492817287247,0.2061890741546056,0.0000000000000000,0.0000000000000000
160628223241,15,7,8,0.0600000000000000,0,0.0100000000000000,0.1000000000000000,0.0050000000000000,0.0000000000000000,2.0000000000000000,0.9315198611917540,0.0000000000000000,1.0009860332003071,-0.0345494149471335,-0.0349169997677532,0.0790988298942671,0.4960937500000000,0.0163001370073731,0.3910101692188699,0.0001037576019321,0.1702622245885285,0.0000000000000000,0.0000000000000000
160628224528,0,5,8,0.0600000000000000,0,0.0500000000000000,0.1000000000000000,0.0200000000000000,0.0000000000000000,2.0000000000000000,0.9503943566554204,0.0000000000000000,1.0156060019971400,-0.0345494149471336,-0.0307217209958353,0.1090988298942671,0.4960937500000000,0.0565224504232753,0.0793442189060266,0.0016125372002410,3.6777016819085584,0.0000000000000000,0.0000000000000000
160628224528,1,5,8,0.0600000000000000,0,0.0500000000000000,0.1000000000000000,0.0190000000000000,0.0000000000000000,2.0000000000000000,0.9489932172810884,0.0000000000000000,1.0141000823936099,-0.0345494149471336,-0.0306061214325780,0.1070988298942671,0.4960937500000000,0.0539739094918373,0.0792265689370008,0.0014596660509703,3.4890588442899628,0.0000000000000000,0.0000000000000000
160628224528,2,5,8,0.0600000000000000,0,0.0500000000000000,0.1000000000000000,0.0180000000000000,0.0000000000000000,2.0000000000000000,0.9476651859979877,0.0000000000000000,1.0126683244601611,-0.0345494149471335,-0.0304930953881566,0.1050988298942671,0.4960937500000000,0.0514535452268125,0.0791147128484501,0.0013137870250073,3.2992662906893444,0.0000000000000000,0.0000000000000000
160628224528,3,5,8,0.0600000000000000,0,0.0500000000000000,0.1000000000000000,0.0170000000000000,0.0000000000000000,2.0000000000000000,0.9464099361199160,0.0000000000000000,1.0113111929872955,-0.0345494149471336,-0.0303832930639245,0.1030988298942671,0.4960937500000000,0.0489619304005721,0.0790086869521325,0.0011750274276144,3.1085796928591716,0.0000000000000000,0.0000000000000000
160628224528,4,5,8,0.0600000000000000,0,0.0500000000000000,0.1000000000000000,0.0160000000000000,0.0000000000000000,2.0000000000000000,0.9452271887934545,0.0000000000000000,1.0100291326259745,-0.0345494149471335,-0.0302773014680809,0.1010988298942671,0.4960937500000000,0.0465002345168980,0.0789085259864043,0.0010435093780748,2.9172623268514468,0.0000000000000000,0.0000000000000000
160628224528,5,5,8,0.0600000000000000,0,0.0500000000000000,0.1000000000000000,0.0150000000000000,0.0000000000000000,2.0000000000000000,0.9441167102390216,0.0000000000000000,1.0088225671291462,-0.0345494149471335,-0.0301756468380850,0.0990988298942671,0.4960937500000000,0.0440703815124462,0.0788142630569645,0.0009193495501726,2.7255842569943827,0.0000000000000000,0.0000000000000000
160628224528,6,5,8,0.0600000000000000,0,0.0500000000000000,0.1000000000000000,0.0140000000000000,0.0000000000000000,2.0000000000000000,0.9430783082551792,0.0000000000000000,1.0076918986172141,-0.0345494149471335,-0.0300787978141057,0.0970988298942671,0.4960937500000000,0.0416752336493897,0.0787259295794698,0.0008026589212406,2.5338214558262266,0.0000000000000000,0.0000000000000000
160628224528,7,5,8,0.0600000000000000,0,0.0500000000000000,0.1000000000000000,0.0130000000000000,0.0000000000000000,2.0000000000000000,0.9421118282377927,0.0000000000000000,1.0066375068704261,-0.0345494149471336,-0.0299871691126809,0.0950988298942671,0.4960937500000000,0.0393188148099649,0.0786435552242520,0.0006935425307576,2.3422548643296297,0.0000000000000000,0.0000000000000000
160628224801,0,5,8,0.0600000000000000,0,0.0500000000000000,0.1000000000000000,0.0200000000000000,0.0000000000000000,2.0000000000000000,0.9360651749471792,0.0000000000000000,1.0000000000000000,-0.0345494149471336,-0.0293854101056871,0.0690988298942671,0.4960937500000000,0.0188213545322690,0.0781250000000000,0.0000000000000000,0.0000000000000000,0.0000000000000000,0.0000000000000000
160628224528,8,5,8,0.0600000000000000,0,0.0500000000000000,0.1000000000000000,0.0120000000000000,0.0000000000000000,2.0000000000000000,0.9412171489283104,0.0000000000000000,1.0056597486510166,-0.0345494149471336,-0.0299011254871233,0.0930988298942671,0.4960937500000000,0.0370065897776391,0.0785671678633607,0.0005920992494463,2.1511693975796149,0.0000000000000000,0.0000000000000000
160628224528,9,5,8,0.0600000000000000,0,0.0500000000000000,0.1000000000000000,0.0110000000000000,0.0000000000000000,2.0000000000000000,0.9403941780678666,0.0000000000000000,1.0047589570579649,-0.0345494149471336,-0.0298209857987018,0.0910988298942671,0.4960937500000000,0.0347458197131011,0.0784967935201535,0.0004984215597955,1.9608529016606955,0.0000000000000000,0.0000000000000000
160628224528,10,5,8,0.0600000000000000,0,0.0500000000000000,0.1000000000000000,0.0100000000000000,0.0000000000000000,2.0000000000000000,0.9396428480984681,0.0000000000000000,1.0039354409170858,-0.0345494149471335,-0.0297470270580292,0.0890988298942671,0.4960937500000000,0.0325460170436298,0.0784324563216473,0.0004125953488942,1.7715950684066162,0.0000000000000000,0.0000000000000000
160630141304,0,14,9,0.0100000000000000,0,0.0100000000000000,0.1000000000000000,-0.2000000000000000,0.0000000000000000,1.8000000000000000,1.0792119453725064,0.0000000000000000,1.1111111111110987,-0.0125375463010613,-0.0193616194375425,0.0225675833419103,0.5533854166666667,0.0025167054957806,0.2170138888888865,0.0000000000000513,0.0000000000000000,0.0000000000000000,0.0000000000000000
160630141304,1,14,9,0.0100000000000000,0,0.0100000000000000,0.1000000000000000,-0.1800000000000000,0.0000000000000000,1.8000000000000000,1.0790887837402334,0.0000000000000000,1.1111111111110987,-0.0128509849585878,-0.0191713424122891,0.0231317729254580,0.5533854166666667,0.0025124508389452,0.2170138888888865,0.0000000000000513,0.0000000000000000,0.0000000000000000,0.0000000000000000
160630141304,2,14,9,0.0100000000000000,0,0.0100000000000000,0.1000000000000000,-0.1600000000000000,0.0000000000000000,1.8000000000000000,1.0789621549204307,0.0000000000000000,1.1111111111110987,-0.0131644236161143,-0.0189845325745653,0.0236959625090058,0.5533854166666667,0.0025212907869537,0.2170138888888865,0.0000000000000513,0.0000000000000000,0.0000000000000000,0.0000000000000000
160630141304,3,14,9,0.0100000000000000,0,0.0100000000000000,0.1000000000000000,-0.1400000000000000,0.0000000000000000,1.8000000000000000,1.0788302637781306,0.0000000000000000,1.1111111111110987,-0.0134778622736409,-0.0188029850593387,0.0242601520925535,0.5533854166666667,0.0025456236778027,0.2170138888888865,0.0000000000000513,0.0000000000000000,0.0000000000000000,0.0000000000000000
160630141304,4,14,9,0.0100000000000000,0,0.0100000000000000,0.1000000000000000,-0.1200000000000000,0.0000000000000000,1.8000000000000000,1.0786916796288295,0.0000000000000000,1.1111111111110987,-0.0137913009311674,-0.0186281305511134,0.0248243416761013,0.5533854166666667,0.0025914519368793,0.2170138888888865,0.0000000000000513,0.0000000000000000,0.0000000000000000,0.0000000000000000
160630141304,5,14,9,0.0100000000000000,0,0.0100000000000000,0.1000000000000000,-0.1000000000000000,0.0000000000000000,1.8000000000000000,1.0785452887219382,0.0000000000000000,1.1111111111110987,-0.0141047395886939,-0.0184610828004781,0.0253885312596490,0.5533854166666667,0.0026646707042492,0.2170138888888865,0.0000000000000513,0.0000000000000000,0.0000000000000000,0.0000000000000000
160630141304,6,14,9,0.0100000000000000,0,0.0100000000000000,0.1000000000000000,-0.0800000000000000,0.0000000000000000,1.8000000000000000,1.0783902488057939,0.0000000000000000,1.1111111111110987,-0.0144181782462205,-0.0183026840590959,0.0259527208431968,0.5533854166666667,0.0027688640614115,0.2170138888888865,0.0000000000000513,0.0000000000000000,0.0000000000000000,0.0000000000000000
160630141304,7,14,9,0.0100000000000000,0,0.0100000000000000,0.1000000000000000,-0.0600000000000000,0.0000000000000000,1.8000000000000000,1.0782259468041140,0.0000000000000000,1.1111111111110987,-0.0147316169037470,-0.0181535474032492,0.0265169104267445,0.5533854166666667,0.0029044931840006,0.2170138888888865,0.0000000000000513,0.0000000000000000,0.0000000000000000,0.0000000000000000
160630141304,8,14,9,0.0100000000000000,0,0.0100000000000000,0.1000000000000000,-0.0400000000000000,0.0000000000000000,1.8000000000000000,1.0780519602643037,0.0000000000000000,1.1111111111110987,-0.0150450555612735,-0.0180140952855330,0.0270811000102923,0.5533854166666667,0.0030691954787489,0.2170138888888865,0.0000000000000513,0.0000000000000000,0.0000000000000000,0.0000000000000000
160630141304,9,14,9,0.0100000000000000,0,0.0100000000000000,0.1000000000000000,-0.0200000000000000,0.0000000000000000,1.8000000000000000,1.0778680229293691,0.0000000000000000,1.1111111111110987,-0.0153584942188001,-0.0178845939629410,0.0276452895938401,0.5533854166666667,0.0032587025980309,0.2170138888888865,0.0000000000000513,0.0000000000000000,0.0000000000000000,0.0000000000000000
160630141304,10,14,9,0.0100000000000000,0,0.0100000000000000,0.1000000000000000,0.0000000000000000,0.0000000000000000,1.8000000000000000,1.0776739945380713,0.0000000000000000,1.1111111111110987,-0.0156719328763266,-0.0177651836967123,0.0282094791773878,0.5533854166666667,0.0034678687437545,0.2170138888888865,0.0000000000000513,0.0000000000000000,0.0000000000000000,0.0000000000000000
160630141304,11,14,9,0.0100000000000000,0,0.0100000000000000,0.1000000000000000,0.0200000000000000,0.0000000000000000,1.8000000000000000,1.0774698347683171,0.0000000000000000,1.1111111111110987,-0.0159853715338531,-0.0176559048089400,0.0287736687609356,0.5533854166666667,0.0036914870537577,0.2170138888888865,0.0000000000000513,0.0000000000000000,0.0000000000000000,0.0000000000000000
160630141304,12,14,9,0.0100000000000000,0,0.0100000000000000,0.1000000000000000,0.0400000000000000,0.0000000000000000,1.8000000000000000,1.0772555811027380,0.0000000000000000,1.1111111111110987,-0.0162988101913797,-0.0175567198169926,0.0293378583444833,0.5533854166666667,0.0039247961606449,0.2170138888888865,0.0000000000000513,0.0000000000000000,0.0000000000000000,0.0000000000000000
160630141304,13,14,9,0.0100000000000000,0,0.0100000000000000,0.1000000000000000,0.0600000000000000,0.0000000000000000,1.8000000000000000,1.0770313303035870,0.0000000000000000,1.1111111111110987,-0.0166122488489062,-0.0174675319586171,0.0299020479280311,0.5533854166666667,0.0041637192158978,0.2170138888888865,0.0000000000000513,0.0000000000000000,0.0000000000000000,0.0000000000000000
160630141304,14,14,9,0.0100000000000000,0,0.0100000000000000,0.1000000000000000,0.0800000000000000,0.0000000000000000,1.8000000000000000,1.0767972231315615,0.0000000000000000,1.1111111111110987,-0.0169256875064327,-0.0173882004731160,0.0304662375115788,0.5533854166666667,0.0044049229308355,0.2170138888888865,0.0000000000000513,0.0000000000000000,0.0000000000000000,0.0000000000000000
160630141304,15,14,9,0.0100000000000000,0,0.0100000000000000,0.1000000000000000,0.1000000000000000,0.0000000000000000,1.8000000000000000,1.0765534319197416,0.0000000000000000,1.1111111111110987,-0.0172391261639592,-0.0173185530274094,0.0310304270951266,0.5533854166666667,0.0046457759353887,0.2170138888888865,0.0000000000000513,0.0000000000000000,0.0000000000000000,0.0000000000000000
160630141304,16,14,9,0.0100000000000000,0,0.0100000000000000,0.1000000000000000,0.1200000000000000,0.0000000000000000,1.8000000000000000,1.0763001506150216,0.0000000000000000,1.1111111111110987,-0.0175525648214858,-0.0172583956746028,0.0315946166786744,0.5533854166666667,0.0048842613370105,0.2170138888888865,0.0000000000000513,0.0000000000000000,0.0000000000000000,0.0000000000000000
160630141304,17,14,9,0.0100000000000000,0,0.0100000000000000,0.1000000000000000,0.1400000000000000,0.0000000000000000,1.8000000000000000,1.0760375869147056,0.0000000000000000,1.1111111111110987,-0.0178660034790123,-0.0172075207173923,0.0321588062622221,0.5533854166666667,0.0051188759207776,0.2170138888888865,0.0000000000000513,0.0000000000000000,0.0000000000000000,0.0000000000000000
160630141304,18,14,9,0.0100000000000000,0,0.0100000000000000,0.1000000000000000,0.1600000000000000,0.0000000000000000,1.8000000000000000,1.0757659561556290,0.0000000000000000,1.1111111111110987,-0.0181794421365388,-0.0171657128189423,0.0327229958457699,0.5533854166666667,0.0053485328564566,0.2170138888888865,0.0000000000000513,0.0000000000000000,0.0000000000000000,0.0000000000000000
160630141304,19,14,9,0.0100000000000000,0,0.0100000000000000,0.1000000000000000,0.1800000000000000,0.0000000000000000,1.8000000000000000,1.0754854766461839,0.0000000000000000,1.1111111111110987,-0.0184928807940654,-0.0171327536708611,0.0332871854293176,0.5533854166666667,0.0055724754053062,0.2170138888888865,0.0000000000000513,0.0000000000000000,0.0000000000000000,0.0000000000000000
160630141304,20,14,9,0.0100000000000000,0,0.0100000000000000,0.1000000000000000,0.2000000000000000,0.0000000000000000,1.8000000000000000,1.0751963661702282,0.0000000000000000,1.1111111111110987,-0.0188063194515919,-0.0171084254892902,0.0338513750128654,0.5533854166666667,0.0057902039861448,0.2170138888888865,0.0000000000000513,0.0000000000000000,0.0000000000000000,0.0000000000000000
160630144955,0,14,9,0.0100000000000000,0,0.0100000000000000,0.1000000000000000,-0.2000000000000000,0.0000000000000000,1.8000000000000000,1.0792119453725064,0.0000000000000000,1.1111111111110987,-0.0125375463010613,-0.0193616194375425,0.0225675833419103,0.5533854166666667,0.0013004302122814,0.2170138888888865,0.0000000000000513,0.0000000000000000,0.0000000000000000,0.0000000000000000
160630144955,1,14,9,0.0100000000000000,0,0.0100000000000000,0.1000000000000000,-0.1800000000000000,0.0000000000000000,1.8000000000000000,1.0790887837402334,0.0000000000000000,1.1111111111110987,-0.0128509849585878,-0.0191713424122891,0.0231317729254580,0.5533854166666667,0.0012926248149141,0.2170138888888865,0.0000000000000513,0.0000000000000000,0.0000000000000000,0.0000000000000000
160630144955,2,14,9,0.0100000000000000,0,0.0100000000000000,0.1000000000000000,-0.1600000000000000,0.0000000000000000,1.8000000000000000,1.0789621549204307,0.0000000000000000,1.1111111111110987,-0.0131644236161143,-0.0189845325745653,0.0236959625090058,0.5533854166666667,0.0013101764835772,0.2170138888888865,0.0000000000000513,0.0000000000000000,0.0000000000000000,0.0000000000000000
160630144955,3,14,9,0.0100000000000000,0,0.0100000000000000,0.1000000000000000,-0.1400000000000000,0.0000000000000000,1.8000000000000000,1.0788302637781306,0.0000000000000000,1.1111111111110987,-0.0134778622736409,-0.0188029850593387,0.0242601520925535,0.5533854166666667,0.0013568598033635,0.2170138888888865,0.0000000000000513,0.0000000000000000,0.0000000000000000,0.0000000000000000
160630144955,4,14,9,0.0100000000000000,0,0.0100000000000000,0.1000000000000000,-0.1200000000000000,0.0000000000000000,1.8000000000000000,1.0786916796288295,0.0000000000000000,1.1111111111110987,-0.0137913009311674,-0.0186281305511134,0.0248243416761013,0.5533854166666667,0.0014414343844172,0.2170138888888865,0.0000000000000513,0.0000000000000000,0.0000000000000000,0.0000000000000000
160630144955,5,14,9,0.0100000000000000,0,0.0100000000000000,0.1000000000000000,-0.1000000000000000,0.0000000000000000,1.8000000000000000,1.0785452887219382,0.0000000000000000,1.1111111111110987,-0.0141047395886939,-0.0184610828004781,0.0253885312596490,0.5533854166666667,0.0015696652771472,0.2170138888888865,0.0000000000000513,0.0000000000000000,0.0000000000000000,0.0000000000000000
160630144955,6,14,9,0.0100000000000000,0,0.0100000000000000,0.1000000000000000,-0.0800000000000000,0.0000000000000000,1.8000000000000000,1.0783902488057939,0.0000000000000000,1.1111111111110987,-0.0144181782462205,-0.0183026840590959,0.0259527208431968,0.5533854166666667,0.0017410583827078,0.2170138888888865,0.0000000000000513,0.0000000000000000,0.0000000000000000,0.0000000000000000
160630144955,7,14,9,0.0100000000000000,0,0.0100000000000000,0.1000000000000000,-0.0600000000000000,0.0000000000000000,1.8000000000000000,1.0782259468041140,0.0000000000000000,1.1111111111110987,-0.0147316169037470,-0.0181535474032492,0.0265169104267445,0.5533854166666667,0.0019498926882989,0.2170138888888865,0.0000000000000513,0.0000000000000000,0.0000000000000000,0.0000000000000000
160630144955,8,14,9,0.0100000000000000,0,0.0100000000000000,0.1000000000000000,-0.0400000000000000,0.0000000000000000,1.8000000000000000,1.0780519602643037,0.0000000000000000,1.1111111111110987,-0.0150450555612735,-0.0180140952855330,0.0270811000102923,0.5533854166666667,0.0021879931842849,0.2170138888888865,0.0000000000000513,0.0000000000000000,0.0000000000000000,0.0000000000000000
160630144955,9,14,9,0.0100000000000000,0,0.0100000000000000,0.1000000000000000,-0.0200000000000000,0.0000000000000000,1.8000000000000000,1.0778680229293691,0.0000000000000000,1.1111111111110987,-0.0153584942188001,-0.0178845939629410,0.0276452895938401,0.5533854166666667,0.0024470136938732,0.2170138888888865,0.0000000000000513,0.0000000000000000,0.0000000000000000,0.0000000000000000
160630144955,10,14,9,0.0100000000000000,0,0.0100000000000000,0.1000000000000000,0.0000000000000000,0.0000000000000000,1.8000000000000000,1.0776739945380713,0.0000000000000000,1.1111111111110987,-0.0156719328763266,-0.0177651836967123,0.0282094791773878,0.5533854166666667,0.0027196056216013,0.2170138888888865,0.0000000000000513,0.0000000000000000,0.0000000000000000,0.0000000000000000
160630144955,11,14,9,0.0100000000000000,0,0.0100000000000000,0.1000000000000000,0.0200000000000000,0.0000000000000000,1.8000000000000000,1.0774698347683171,0.0000000000000000,1.1111111111110987,-0.0159853715338531,-0.0176559048089400,0.0287736687609356,0.5533854166666667,0.0029997755011749,0.2170138888888865,0.0000000000000513,0.0000000000000000,0.0000000000000000,0.0000000000000000
160630144955,12,14,9,0.0100000000000000,0,0.0100000000000000,0.1000000000000000,0.0400000000000000,0.0000000000000000,1.8000000000000000,1.0772555811027380,0.0000000000000000,1.1111111111110987,-0.0162988101913797,-0.0175567198169926,0.0293378583444833,0.5533854166666667,0.0032828439004529,0.2170138888888865,0.0000000000000513,0.0000000000000000,0.0000000000000000,0.0000000000000000
160630144955,13,14,9,0.0100000000000000,0,0.0100000000000000,0.1000000000000000,0.0600000000000000,0.0000000000000000,1.8000000000000000,1.0770313303035870,0.0000000000000000,1.1111111111110987,-0.0166122488489062,-0.0174675319586171,0.0299020479280311,0.5533854166666667,0.0035652611569002,0.2170138888888865,0.0000000000000513,0.0000000000000000,0.0000000000000000,0.0000000000000000
160630144955,14,14,9,0.0100000000000000,0,0.0100000000000000,0.1000000000000000,0.0800000000000000,0.0000000000000000,1.8000000000000000,1.0767972231315615,0.0000000000000000,1.1111111111110987,-0.0169256875064327,-0.0173882004731160,0.0304662375115788,0.5533854166666667,0.0038443976211894,0.2170138888888865,0.0000000000000513,0.0000000000000000,0.0000000000000000,0.0000000000000000
160630144955,15,14,9,0.0100000000000000,0,0.0100000000000000,0.1000000000000000,0.1000000000000000,0.0000000000000000,1.8000000000000000,1.0765534319197416,0.0000000000000000,1.1111111111110987,-0.0172391261639592,-0.0173185530274094,0.0310304270951266,0.5533854166666667,0.0041183523482130,0.2170138888888865,0.0000000000000513,0.0000000000000000,0.0000000000000000,0.0000000000000000
160630144955,16,14,9,0.0100000000000000,0,0.0100000000000000,0.1000000000000000,0.1200000000000000,0.0000000000000000,1.8000000000000000,1.0763001506150216,0.0000000000000000,1.1111111111110987,-0.0175525648214858,-0.0172583956746028,0.0315946166786744,0.5533854166666667,0.0043857921858735,0.2170138888888865,0.0000000000000513,0.0000000000000000,0.0000000000000000,0.0000000000000000
160630144955,17,14,9,0.0100000000000000,0,0.0100000000000000,0.1000000000000000,0.1400000000000000,0.0000000000000000,1.8000000000000000,1.0760375869147056,0.0000000000000000,1.1111111111110987,-0.0178660034790123,-0.0172075207173923,0.0321588062622221,0.5533854166666667,0.0046458211847017,0.2170138888888865,0.0000000000000513,0.0000000000000000,0.0000000000000000,0.0000000000000000
160630144955,18,14,9,0.0100000000000000,0,0.0100000000000000,0.1000000000000000,0.1600000000000000,0.0000000000000000,1.8000000000000000,1.0757659561556290,0.0000000000000000,1.1111111111110987,-0.0181794421365388,-0.0171657128189423,0.0327229958457699,0.5533854166666667,0.0048978764966334,0.2170138888888865,0.0000000000000513,0.0000000000000000,0.0000000000000000,0.0000000000000000
160630144955,19,14,9,0.0100000000000000,0,0.0100000000000000,0.1000000000000000,0.1800000000000000,0.0000000000000000,1.8000000000000000,1.0754854766461839,0.0000000000000000,1.1111111111110987,-0.0184928807940654,-0.0171327536708611,0.0332871854293176,0.5533854166666667,0.0051416462722266,0.2170138888888865,0.0000000000000513,0.0000000000000000,0.0000000000000000,0.0000000000000000
160630144955,20,14,9,0.0100000000000000,0,0.0100000000000000,0.1000000000000000,0.2000000000000000,0.0000000000000000,1.8000000000000000,1.0751963661702282,0.0000000000000000,1.1111111111110987,-0.0188063194515919,-0.0171084254892902,0.0338513750128654,0.5533854166666667,0.0053770054201802,0.2170138888888865,0.0000000000000513,0.0000000000000000,0.0000000000000000,0.0000000000000000
160630152426,0,17,9,0.0100000000000000,0,0.0100000000000000,0.1000000000000000,-0.2000000000000000,0.0000000000000000,1.8000000000000000,1.0202139004284165,0.0000000000000000,1.1111111111110987,-0.0125375463010613,-0.0783596643816324,0.0225675833419103,0.5533854166666667,0.0076940732340235,0.2170138888888865,0.0000000000000513,0.0000000000000000,0.0000000000000000,0.0000000000000000
160630152426,1,17,9,0.0100000000000000,0,0.0100000000000000,0.1000000000000000,-0.1800000000000000,0.0000000000000000,1.8000000000000000,1.0218116730972719,0.0000000000000000,1.1111111111110987,-0.0128509849585878,-0.0764484530552505,0.0231317729254580,0.5533854166666667,0.0066923348747469,0.2170138888888865,0.0000000000000513,0.0000000000000000,0.0000000000000000,0.0000000000000000
160630152426,2,17,9,0.0100000000000000,0,0.0100000000000000,0.1000000000000000,-0.1600000000000000,0.0000000000000000,1.8000000000000000,1.0233184357029654,0.0000000000000000,1.1111111111110987,-0.0131644236161143,-0.0746282517920304,0.0236959625090058,0.5533854166666667,0.0057662761491207,0.2170138888888865,0.0000000000000513,0.0000000000000000,0.0000000000000000,0.0000000000000000
160630152426,3,17,9,0.0100000000000000,0,0.0100000000000000,0.1000000000000000,-0.1400000000000000,0.0000000000000000,1.8000000000000000,1.0247405377847871,0.0000000000000000,1.1111111111110987,-0.0134778622736409,-0.0728927110526822,0.0242601520925535,0.5533854166666667,0.0049107744861053,0.2170138888888865,0.0000000000000513,0.0000000000000000,0.0000000000000000,0.0000000000000000
160630152426,4,17,9,0.0100000000000000,0,0.0100000000000000,0.1000000000000000,-0.1200000000000000,0.0000000000000000,1.8000000000000000,1.0260837516511871,0.0000000000000000,1.1111111111110987,-0.0137913009311674,-0.0712360585287556,0.0248243416761013,0.5533854166666667,0.0041223282524148,0.2170138888888865,0.0000000000000513,0.0000000000000000,0.0000000000000000,0.0000000000000000
160630152426,5,17,9,0.0100000000000000,0,0.0100000000000000,0.1000000000000000,-0.1000000000000000,0.0000000000000000,1.8000000000000000,1.0273533365165186,0.0000000000000000,1.1111111111110987,-0.0141047395886939,-0.0696530350058977,0.0253885312596490,0.5533854166666667,0.0033996780306396,0.2170138888888865,0.0000000000000513,0.0000000000000000,0.0000000000000000,0.0000000000000000
160630152426,6,17,9,0.0100000000000000,0,0.0100000000000000,0.1000000000000000,-0.0800000000000000,0.0000000000000000,1.8000000000000000,1.0285540942721656,0.0000000000000000,1.1111111111110987,-0.0144181782462205,-0.0681388385927242,0.0259527208431968,0.5533854166666667,0.0027452116013576,0.2170138888888865,0.0000000000000513,0.0000000000000000,0.0000000000000000,0.0000000000000000
160630152426,7,17,9,0.0100000000000000,0,0.0100000000000000,0.1000000000000000,-0.0600000000000000,0.0000000000000000,1.8000000000000000,1.0296904181378888,0.0000000000000000,1.1111111111110987,-0.0147316169037470,-0.0666890760694744,0.0265169104267445,0.5533854166666667,0.0021681143019742,0.2170138888888865,0.0000000000000513,0.0000000000000000,0.0000000000000000,0.0000000000000000
160630152426,8,17,9,0.0100000000000000,0,0.0100000000000000,0.1000000000000000,-0.0400000000000000,0.0000000000000000,1.8000000000000000,1.0307663352318082,0.0000000000000000,1.1111111111110987,-0.0150450555612735,-0.0652997203180286,0.0270811000102923,0.5533854166666667,0.0016911404311275,0.2170138888888865,0.0000000000000513,0.0000000000000000,0.0000000000000000,0.0000000000000000
160630152426,9,17,9,0.0100000000000000,0,0.0100000000000000,0.1000000000000000,-0.0200000000000000,0.0000000000000000,1.8000000000000000,1.0317855439277106,0.0000000000000000,1.1111111111110987,-0.0153584942188001,-0.0639670729645996,0.0276452895938401,0.5533854166666667,0.0013611651798672,0.2170138888888865,0.0000000000000513,0.0000000000000000,0.0000000000000000,0.0000000000000000
160630152426,10,17,9,0.0100000000000000,0,0.0100000000000000,0.1000000000000000,0.0000000000000000,0.0000000000000000,1.8000000000000000,1.0327514467294772,0.0000000000000000,1.1111111111110987,-0.0156719328763266,-0.0626877315053065,0.0282094791773878,0.5533854166666667,0.0012422907597999,0.2170138888888865,0.0000000000000513,0.0000000000000000,0.0000000000000000,0.0000000000000000
160630152426,11,17,9,0.0100000000000000,0,0.0100000000000000,0.1000000000000000,0.0200000000000000,0.0000000000000000,1.8000000000000000,1.0336671792779359,0.0000000000000000,1.1111111111110987,-0.0159853715338531,-0.0614585602993212,0.0287736687609356,0.5533854166666667,0.0013478523579562,0.2170138888888865,0.0000000000000513,0.0000000000000000,0.0000000000000000,0.0000000000000000
160630152426,12,17,9,0.0100000000000000,0,0.0100000000000000,0.1000000000000000,0.0400000000000000,0.0000000000000000,1.8000000000000000,1.0345356360107829,0.0000000000000000,1.1111111111110987,-0.0162988101913797,-0.0602766649089476,0.0293378583444833,0.5533854166666667,0.0016049556075818,0.2170138888888865,0.0000000000000513,0.0000000000000000,0.0000000000000000,0.0000000000000000
160630152426,13,17,9,0.0100000000000000,0,0.0100000000000000,0.1000000000000000,0.0600000000000000,0.0000000000000000,1.8000000000000000,1.0353594929175762,0.0000000000000000,1.1111111111110987,-0.0166122488489062,-0.0591393693446279,0.0299020479280311,0.5533854166666667,0.0019335163713632,0.2170138888888865,0.0000000000000513,0.0000000000000000,0.0000000000000000,0.0000000000000000
160630152426,14,17,9,0.0100000000000000,0,0.0100000000000000,0.1000000000000000,0.0800000000000000,0.0000000000000000,1.8000000000000000,1.0361412277664299,0.0000000000000000,1.1111111111110987,-0.0169256875064327,-0.0580441958382476,0.0304662375115788,0.5533854166666667,0.0022879366348372,0.2170138888888865,0.0000000000000513,0.0000000000000000,0.0000000000000000,0.0000000000000000
160630152426,15,17,9,0.0100000000000000,0,0.0100000000000000,0.1000000000000000,0.1000000000000000,0.0000000000000000,1.8000000000000000,1.0368831381241461,0.0000000000000000,1.1111111111110987,-0.0172391261639592,-0.0569888468230049,0.0310304270951266,0.5533854166666667,0.0026467045720287,0.2170138888888865,0.0000000000000513,0.0000000000000000,0.0000000000000000,0.0000000000000000
160630152426,16,17,9,0.0100000000000000,0,0.0100000000000000,0.1000000000000000,0.1200000000000000,0.0000000000000000,1.8000000000000000,1.0375873574456000,0.0000000000000000,1.1111111111110987,-0.0175525648214858,-0.0559711888440243,0.0315946166786744,0.5533854166666667,0.0029998679697002,0.2170138888888865,0.0000000000000513,0.0000000000000000,0.0000000000000000,0.0000000000000000
160630152426,17,17,9,0.0100000000000000,0,0.0100000000000000,0.1000000000000000,0.1400000000000000,0.0000000000000000,1.8000000000000000,1.0382558694695492,0.0000000000000000,1.1111111111110987,-0.0178660034790123,-0.0549892381625487,0.0321588062622221,0.5533854166666667,0.0033427868829868,0.2170138888888865,0.0000000000000513,0.0000000000000000,0.0000000000000000,0.0000000000000000
160630152426,18,17,9,0.0100000000000000,0,0.0100000000000000,0.1000000000000000,0.1600000000000000,0.0000000000000000,1.8000000000000000,1.0388905211251682,0.0000000000000000,1.1111111111110987,-0.0181794421365388,-0.0540411478494031,0.0327229958457699,0.5533854166666667,0.0036733594224513,0.2170138888888865,0.0000000000000513,0.0000000000000000,0.0000000000000000,0.0000000000000000
160630152426,19,17,9,0.0100000000000000,0,0.0100000000000000,0.1000000000000000,0.1800000000000000,0.0000000000000000,1.8000000000000000,1.0394930341261064,0.0000000000000000,1.1111111111110987,-0.0184928807940654,-0.0531251961909385,0.0332871854293176,0.5533854166666667,0.0039907587747724,0.2170138888888865,0.0000000000000513,0.0000000000000000,0.0000000000000000,0.0000000000000000
160630152426,20,17,9,0.0100000000000000,0,0.0100000000000000,0.1000000000000000,0.2000000000000000,0.0000000000000000,1.8000000000000000,1.0400650154050957,0.0000000000000000,1.1111111111110987,-0.0188063194515919,-0.0522397762544227,0.0338513750128654,0.5533854166666667,0.0042948253484452,0.2170138888888865,0.0000000000000513,0.0000000000000000,0.0000000000000000,0.0000000000000000
160630153950,0,17,9,0.0100000000000000,0,0.0100000000000000,0.1000000000000000,-0.2000000000000000,0.0000000000000000,1.8000000000000000,1.0202139004284165,0.0000000000000000,1.1111111111110987,-0.0125375463010613,-0.0783596643816324,0.0225675833419103,0.5533854166666667,0.0076940732340235,0.2170138888888865,0.0000000000000513,0.0000000000000000,0.0000000000000000,0.0000000000000000
160630153950,1,17,9,0.0100000000000000,0,0.0100000000000000,0.1000000000000000,-0.1800000000000000,0.0000000000000000,1.8000000000000000,1.0218116730972719,0.0000000000000000,1.1111111111110987,-0.0128509849585878,-0.0764484530552505,0.0231317729254580,0.5533854166666667,0.0066923348747469,0.2170138888888865,0.0000000000000513,0.0000000000000000,0.0000000000000000,0.0000000000000000
160630153950,2,17,9,0.0100000000000000,0,0.0100000000000000,0.1000000000000000,-0.1600000000000000,0.0000000000000000,1.8000000000000000,1.0233184357029654,0.0000000000000000,1.1111111111110987,-0.0131644236161143,-0.0746282517920304,0.0236959625090058,0.5533854166666667,0.0057662761491207,0.2170138888888865,0.0000000000000513,0.0000000000000000,0.0000000000000000,0.0000000000000000
160630153950,3,17,9,0.0100000000000000,0,0.0100000000000000,0.1000000000000000,-0.1400000000000000,0.0000000000000000,1.8000000000000000,1.0247405377847871,0.0000000000000000,1.1111111111110987,-0.0134778622736409,-0.0728927110526822,0.0242601520925535,0.5533854166666667,0.0049107744861053,0.2170138888888865,0.0000000000000513,0.0000000000000000,0.0000000000000000,0.0000000000000000
160630153950,4,17,9,0.0100000000000000,0,0.0100000000000000,0.1000000000000000,-0.1200000000000000,0.0000000000000000,1.8000000000000000,1.0260837516511871,0.0000000000000000,1.1111111111110987,-0.0137913009311674,-0.0712360585287556,0.0248243416761013,0.5533854166666667,0.0041223282524148,0.2170138888888865,0.0000000000000513,0.0000000000000000,0.0000000000000000,0.0000000000000000
160630153950,5,17,9,0.0100000000000000,0,0.0100000000000000,0.1000000000000000,-0.1000000000000000,0.0000000000000000,1.8000000000000000,1.0273533365165186,0.0000000000000000,1.1111111111110987,-0.0141047395886939,-0.0696530350058977,0.0253885312596490,0.5533854166666667,0.0033996780306396,0.2170138888888865,0.0000000000000513,0.0000000000000000,0.0000000000000000,0.0000000000000000
160630153950,6,17,9,0.0100000000000000,0,0.0100000000000000,0.1000000000000000,-0.0800000000000000,0.0000000000000000,1.8000000000000000,1.0285540942721656,0.0000000000000000,1.1111111111110987,-0.0144181782462205,-0.0681388385927242,0.0259527208431968,0.5533854166666667,0.0027452116013576,0.2170138888888865,0.0000000000000513,0.0000000000000000,0.0000000000000000,0.0000000000000000
160630153950,7,17,9,0.0100000000000000,0,0.0100000000000000,0.1000000000000000,-0.0600000000000000,0.0000000000000000,1.8000000000000000,1.0296904181378888,0.0000000000000000,1.1111111111110987,-0.0147316169037470,-0.0666890760694744,0.0265169104267445,0.5533854166666667,0.0021681143019742,0.2170138888888865,0.0000000000000513,0.0000000000000000,0.0000000000000000,0.0000000000000000
160630153950,8,17,9,0.0100000000000000,0,0.0100000000000000,0.1000000000000000,-0.0400000000000000,0.0000000000000000,1.8000000000000000,1.0307663352318082,0.0000000000000000,1.1111111111110987,-0.0150450555612735,-0.0652997203180286,0.0270811000102923,0.5533854166666667,0.0016911404311275,0.2170138888888865,0.0000000000000513,0.0000000000000000,0.0000000000000000,0.0000000000000000
160630153950,9,17,9,0.0100000000000000,0,0.0100000000000000,0.1000000000000000,-0.0200000000000000,0.0000000000000000,1.8000000000000000,1.0317855439277106,0.0000000000000000,1.1111111111110987,-0.0153584942188001,-0.0639670729645996,0.0276452895938401,0.5533854166666667,0.0013611651798672,0.2170138888888865,0.0000000000000513,0.0000000000000000,0.0000000000000000,0.0000000000000000
160630153950,10,17,9,0.0100000000000000,0,0.0100000000000000,0.1000000000000000,0.0000000000000000,0.0000000000000000,1.8000000000000000,1.0327514467294772,0.0000000000000000,1.1111111111110987,-0.0156719328763266,-0.0626877315053065,0.0282094791773878,0.5533854166666667,0.0012422907597999,0.2170138888888865,0.0000000000000513,0.0000000000000000,0.0000000000000000,0.0000000000000000
160630153950,11,17,9,0.0100000000000000,0,0.0100000000000000,0.1000000000000000,0.0200000000000000,0.0000000000000000,1.8000000000000000,1.0336671792779359,0.0000000000000000,1.1111111111110987,-0.0159853715338531,-0.0614585602993212,0.0287736687609356,0.5533854166666667,0.0013478523579562,0.2170138888888865,0.0000000000000513,0.0000000000000000,0.0000000000000000,0.0000000000000000
160630153950,12,17,9,0.0100000000000000,0,0.0100000000000000,0.1000000000000000,0.0400000000000000,0.0000000000000000,1.8000000000000000,1.0345356360107829,0.0000000000000000,1.1111111111110987,-0.0162988101913797,-0.0602766649089476,0.0293378583444833,0.5533854166666667,0.0016049556075818,0.2170138888888865,0.0000000000000513,0.0000000000000000,0.0000000000000000,0.0000000000000000
160630153950,13,17,9,0.0100000000000000,0,0.0100000000000000,0.1000000000000000,0.0600000000000000,0.0000000000000000,1.8000000000000000,1.0353594929175762,0.0000000000000000,1.1111111111110987,-0.0166122488489062,-0.0591393693446279,0.0299020479280311,0.5533854166666667,0.0019335163713632,0.2170138888888865,0.0000000000000513,0.0000000000000000,0.0000000000000000,0.0000000000000000
160630153950,14,17,9,0.0100000000000000,0,0.0100000000000000,0.1000000000000000,0.0800000000000000,0.0000000000000000,1.8000000000000000,1.0361412277664299,0.0000000000000000,1.1111111111110987,-0.0169256875064327,-0.0580441958382476,0.0304662375115788,0.5533854166666667,0.0022879366348372,0.2170138888888865,0.0000000000000513,0.0000000000000000,0.0000000000000000,0.0000000000000000
160630153950,15,17,9,0.0100000000000000,0,0.0100000000000000,0.1000000000000000,0.1000000000000000,0.0000000000000000,1.8000000000000000,1.0368831381241461,0.0000000000000000,1.1111111111110987,-0.0172391261639592,-0.0569888468230049,0.0310304270951266,0.5533854166666667,0.0026467045720287,0.2170138888888865,0.0000000000000513,0.0000000000000000,0.0000000000000000,0.0000000000000000
160630153950,16,17,9,0.0100000000000000,0,0.0100000000000000,0.1000000000000000,0.1200000000000000,0.0000000000000000,1.8000000000000000,1.0375873574456000,0.0000000000000000,1.1111111111110987,-0.0175525648214858,-0.0559711888440243,0.0315946166786744,0.5533854166666667,0.0029998679697002,0.2170138888888865,0.0000000000000513,0.0000000000000000,0.0000000000000000,0.0000000000000000
160630153950,17,17,9,0.0100000000000000,0,0.0100000000000000,0.1000000000000000,0.1400000000000000,0.0000000000000000,1.8000000000000000,1.0382558694695492,0.0000000000000000,1.1111111111110987,-0.0178660034790123,-0.0549892381625487,0.0321588062622221,0.5533854166666667,0.0033427868829868,0.2170138888888865,0.0000000000000513,0.0000000000000000,0.0000000000000000,0.0000000000000000
160630153950,18,17,9,0.0100000000000000,0,0.0100000000000000,0.1000000000000000,0.1600000000000000,0.0000000000000000,1.8000000000000000,1.0388905211251682,0.0000000000000000,1.1111111111110987,-0.0181794421365388,-0.0540411478494031,0.0327229958457699,0.5533854166666667,0.0036733594224513,0.2170138888888865,0.0000000000000513,0.0000000000000000,0.0000000000000000,0.0000000000000000
160630153950,19,17,9,0.0100000000000000,0,0.0100000000000000,0.1000000000000000,0.1800000000000000,0.0000000000000000,1.8000000000000000,1.0394930341261064,0.0000000000000000,1.1111111111110987,-0.0184928807940654,-0.0531251961909385,0.0332871854293176,0.5533854166666667,0.0039907587747724,0.2170138888888865,0.0000000000000513,0.0000000000000000,0.0000000000000000,0.0000000000000000
160630153950,20,17,9,0.0100000000000000,0,0.0100000000000000,0.1000000000000000,0.2000000000000000,0.0000000000000000,1.8000000000000000,1.0400650154050957,0.0000000000000000,1.1111111111110987,-0.0188063194515919,-0.0522397762544227,0.0338513750128654,0.5533854166666667,0.0042948253484452,0.2170138888888865,0.0000000000000513,0.0000000000000000,0.0000000000000000,0.0000000000000000
160630154914,0,14,9,0.0100000000000000,0,0.0100000000000000,0.1000000000000000,-0.2000000000000000,0.0000000000000000,1.8000000000000000,1.0792119453725064,0.0000000000000000,1.1111111111110987,-0.0125375463010613,-0.0193616194375425,0.0225675833419103,0.5533854166666667,0.0013004302122814,0.2170138888888865,0.0000000000000513,0.0000000000000000,0.0000000000000000,0.0000000000000000
160703191113,0,11,9,0.0100000000000000,0,0.0050000000000000,0.1000000000000000,-0.2000000000000000,0.0000000000000000,1.8000000000000000,1.0710510019272763,0.0000000000000000,1.1111111111110987,-0.0125375463010613,-0.0275225628827728,0.0225675833419103,0.5533854166666667,0.0062493320285685,0.4340277777777729,0.0000000000000513,0.0000000000000000,0.0000000000000000,0.0000000000000000
160703191113,1,11,9,0.0100000000000000,0,0.0050000000000000,0.1000000000000000,-0.1600000000000000,0.0000000000000000,1.8000000000000000,1.0703573936590869,0.0000000000000000,1.1111111111110987,-0.0131644236161143,-0.0275892938359091,0.0236959625090058,0.5533854166666667,0.0045874233100035,0.4340277777777729,0.0000000000000513,0.0000000000000000,0.0000000000000000,0.0000000000000000
160703191113,2,11,9,0.0100000000000000,0,0.0050000000000000,0.1000000000000000,-0.1200000000000000,0.0000000000000000,1.8000000000000000,1.0695437466527593,0.0000000000000000,1.1111111111110987,-0.0137913009311674,-0.0277760635271835,0.0248243416761013,0.5533854166666667,0.0031707294134598,0.4340277777777729,0.0000000000000513,0.0000000000000000,0.0000000000000000,0.0000000000000000
160703191113,3,11,9,0.0100000000000000,0,0.0050000000000000,0.1000000000000000,-0.0800000000000000,0.0000000000000000,1.8000000000000000,1.0686190005314360,0.0000000000000000,1.1111111111110987,-0.0144181782462205,-0.0280739323334538,0.0259527208431968,0.5533854166666667,0.0020225962110575,0.4340277777777729,0.0000000000000513,0.0000000000000000,0.0000000000000000,0.0000000000000000
160703191113,4,11,9,0.0100000000000000,0,0.0050000000000000,0.1000000000000000,-0.0400000000000000,0.0000000000000000,1.8000000000000000,1.0675907442701362,0.0000000000000000,1.1111111111110987,-0.0150450555612735,-0.0284753112797005,0.0270811000102923,0.5533854166666667,0.0013135224586723,0.4340277777777729,0.0000000000000513,0.0000000000000000,0.0000000000000000,0.0000000000000000
160703191113,5,11,9,0.0100000000000000,0,0.0050000000000000,0.1000000000000000,0.0000000000000000,0.0000000000000000,1.8000000000000000,1.0664654567113596,0.0000000000000000,1.1111111111110987,-0.0156719328763266,-0.0289737215234240,0.0282094791773878,0.5533854166666667,0.0013861241367510,0.4340277777777729,0.0000000000000513,0.0000000000000000,0.0000000000000000,0.0000000000000000
160703191113,6,11,9,0.0100000000000000,0,0.0050000000000000,0.1000000000000000,0.0400000000000000,0.0000000000000000,1.8000000000000000,1.0652486986354273,0.0000000000000000,1.1111111111110987,-0.0162988101913797,-0.0295636022843033,0.0293378583444833,0.5533854166666667,0.0019813472377903,0.4340277777777729,0.0000000000000513,0.0000000000000000,0.0000000000000000,0.0000000000000000
160703191113,7,11,9,0.0100000000000000,0,0.0050000000000000,0.1000000000000000,0.0800000000000000,0.0000000000000000,1.8000000000000000,1.0639452670853613,0.0000000000000000,1.1111111111110987,-0.0169256875064327,-0.0302401565193162,0.0304662375115788,0.5533854166666667,0.0026811317536383,0.4340277777777729,0.0000000000000513,0.0000000000000000,0.0000000000000000,0.0000000000000000
160703191113,8,11,9,0.0100000000000000,0,0.0050000000000000,0.1000000000000000,0.1200000000000000,0.0000000000000000,1.8000000000000000,1.0625593201297208,0.0000000000000000,1.1111111111110987,-0.0175525648214858,-0.0309992261599037,0.0315946166786744,0.5533854166666667,0.0033625289056861,0.4340277777777729,0.0000000000000513,0.0000000000000000,0.0000000000000000,0.0000000000000000
160703191113,9,11,9,0.0100000000000000,0,0.0050000000000000,0.1000000000000000,0.1600000000000000,0.0000000000000000,1.8000000000000000,1.0610944783366330,0.0000000000000000,1.1111111111110987,-0.0181794421365388,-0.0318371906379383,0.0327229958457699,0.5533854166666667,0.0039980617758266,0.4340277777777729,0.0000000000000513,0.0000000000000000,0.0000000000000000,0.0000000000000000
160703191113,10,11,9,0.0100000000000000,0,0.0050000000000000,0.1000000000000000,0.2000000000000000,0.0000000000000000,1.8000000000000000,1.0595539077881497,0.0000000000000000,1.1111111111110987,-0.0188063194515919,-0.0327508838713685,0.0338513750128654,0.5533854166666667,0.0045831452567235,0.4340277777777729,0.0000000000000513,0.0000000000000000,0.0000000000000000,0.0000000000000000
160704144427,0,17,2,0.0100000000000000,0,0.0010000000000000,0.1000000000000000,0.0000000000000000,0.0000000000000000,1.0000000000000000,1.8872329146944458,0.0000000000000000,2.0000000000000000,0.0000000000000000,-0.1127670853055542,0.0282094791773878,0.5000000000000000,8.4709231596142978,500.0000000000000000,2.0000000000000000,0.0000000000000000,0.0000000000000000,0.0000000000000000
160704144553,0,17,2,0.0100000000000000,0,0.0010000000000000,0.1000000000000000,0.0000000000000000,0.0000000000000000,1.0000000000000000,1.8872329146944458,0.0000000000000000,2.0000000000000000,0.0000000000000000,-0.1127670853055542,0.0282094791773878,0.5000000000000000,8.4709231596142978,500.0000000000000000,2.0000000000000000,0.0000000000000000,0.0000000000000000,0.0000000000000000
160704145039,0,11,2,0.0100000000000000,0,0.0010000000000000,0.1000000000000000,0.0000000000000000,0.0000000000000000,1.0000000000000000,16.2091259270055019,0.0000000000000000,2.0000000000000000,0.0000000000000000,14.2091259270055019,0.0282094791773878,0.5000000000000000,896509317.9021174907684326,500.0000000000000000,2.0000000000000000,0.0000000000000000,0.0000000000000000,0.0000000000000000
160704150207,0,11,2,0.0100000000000000,0,0.0010000000000000,0.1000000000000000,0.0000000000000000,0.0000000000000000,1.0000000000000000,16.2091259270055019,0.0000000000000000,2.0000000000000000,0.0000000000000000,14.2091259270055019,0.0282094791773878,0.5000000000000000,896509317.9021174907684326,500.0000000000000000,2.0000000000000000,0.0000000000000000,0.0000000000000000,0.0000000000000000
160704150337,0,11,2,0.0100000000000000,0,0.0010000000000000,0.1000000000000000,0.0000000000000000,0.0000000000000000,1.0000000000000000,16.2091259270055019,0.0000000000000000,2.0000000000000000,0.0000000000000000,14.2091259270055019,0.0282094791773878,0.5000000000000000,896509317.9021174907684326,500.0000000000000000,2.0000000000000000,0.0000000000000000,0.0000000000000000,0.0000000000000000
160704150427,0,17,2,0.0100000000000000,0,0.0010000000000000,0.1000000000000000,0.0000000000000000,0.0000000000000000,1.0000000000000000,1.8872329146944458,0.0000000000000000,2.0000000000000000,0.0000000000000000,-0.1127670853055542,0.0282094791773878,0.5000000000000000,8.4709231596142978,500.0000000000000000,2.0000000000000000,0.0000000000000000,0.0000000000000000,0.0000000000000000
