"0.01"	"0.02"	"3.1391071621000797"
"0.01"	"0.04"	"3.1391071342736456"
"0.01"	"0.06"	"3.1391070202855005"
"0.01"	"0.08"	"3.139106708995137"
"0.01"	"0.1"	"3.1391060400842097"
"0.01"	"0.12"	"3.13910479438335"
"0.01"	"0.14"	"3.139102682523673"
"0.01"	"0.16"	"3.1390993290027653"
"0.01"	"0.18"	"3.1390942499440575"
"0.01"	"0.2"	"3.139086821923188"
"0.01"	"0.2199999999999999"	"3.139076237790926"
"0.01"	"0.24"	"3.139061443048169"
"0.01"	"0.26"	"3.139041042292366"
"0.01"	"0.28"	"3.139013158140293"
"0.01"	"0.3"	"3.138975014415333"
"0.01"	"0.32"	"3.138923286824327"
"0.01"	"0.34"	"3.138852539341419"
"0.01"	"0.36"	"3.1387547603186596"
"0.01"	"0.3799999999999999"	"3.1386172192648547"
"0.01"	"0.4"	"3.1384183446682745"
"0.01"	"0.4199999999999999"	"3.1381182752401826"
"0.01"	"0.4399999999999999"	"3.1376337116617576"
"0.01"	"0.46"	"3.1367546424423174"
"0.01"	"0.4799999999999999"	"3.1347566393682613"
"0.01"	"0.4999999999999999"	"3.1278517012963047"
"0.01"	"0.5199999999999999"	"3.123698481757745"
"0.01"	"0.5399999999999999"	"3.1281077215670443"
"0.01"	"0.5599999999999999"	"3.1305997976246753"
"0.01"	"0.58"	"3.1323819840705984"
"0.01"	"0.6"	"3.1337857757120577"
"0.01"	"0.6199999999999999"	"3.1349524270841074"
"0.01"	"0.6399999999999999"	"3.135955262289838"
"0.01"	"0.6599999999999999"	"3.1368370270827004"
"0.01"	"0.6799999999999999"	"3.137624566402554"
"0.01"	"0.7"	"3.1383355502523833"
"0.02"	"0.02"	"3.1366170081767035"
"0.02"	"0.04"	"3.136616952740031"
"0.02"	"0.06"	"3.1366167254172628"
"0.02"	"0.08"	"3.136616104342997"
"0.02"	"0.1"	"3.1366147693245416"
"0.02"	"0.12"	"3.136612282573233"
"0.02"	"0.14"	"3.1366080660634155"
"0.02"	"0.16"	"3.136601369748596"
"0.02"	"0.18"	"3.136591227214065"
"0.02"	"0.2"	"3.136576393547871"
"0.02"	"0.2199999999999999"	"3.136555257352936"
"0.02"	"0.24"	"3.1365257141318756"
"0.02"	"0.26"	"3.1364845939779404"
"0.02"	"0.28"	"3.136428763270551"
"0.02"	"0.3"	"3.136352792413169"
"0.02"	"0.32"	"3.13624941631238"
"0.02"	"0.34"	"3.1361080819309586"
"0.02"	"0.36"	"3.1359128595379007"
"0.02"	"0.3799999999999999"	"3.1356385103735462"
"0.02"	"0.4"	"3.1352424695867227"
"0.02"	"0.4199999999999999"	"3.1346467258416237"
"0.02"	"0.4399999999999999"	"3.133690803780445"
"0.02"	"0.46"	"3.1319841756375593"
"0.02"	"0.4799999999999999"	"3.128309203250951"
"0.02"	"0.4999999999999999"	"3.1180523142815124"
"0.03"	"0.02"	"3.134120993999359"
"0.03"	"0.04"	"3.134120911165455"
"0.03"	"0.06"	"3.134120571158324"
"0.03"	"0.08"	"3.1341196418020467"
"0.03"	"0.1"	"3.1341176434764644"
"0.03"	"0.12"	"3.1341139203288977"
"0.03"	"0.14"	"3.134107606396938"
"0.03"	"0.16"	"3.134097578059546"
"0.03"	"0.18"	"3.134082387717574"
"0.03"	"0.2"	"3.1340601709277656"
"0.03"	"0.2199999999999999"	"3.1340285149714946"
"0.03"	"0.24"	"3.1339836651121047"
"0.03"	"0.26"	"3.1339224076623173"
"0.03"	"0.28"	"3.1338386944067453"
"0.03"	"0.3"	"3.133724801647599"
"0.03"	"0.32"	"3.133569862263899"
"0.03"	"0.34"	"3.133358110985852"
"0.03"	"0.36"	"3.133065795270466"
"0.03"	"0.3799999999999999"	"3.1326553919585973"
"0.03"	"0.4"	"3.1320639170935234"
"0.03"	"0.4199999999999999"	"3.131176871744357"
"0.03"	"0.4399999999999999"	"3.1297623165016693"
"0.03"	"0.46"	"3.1272739657407014"
"0.03"	"0.4799999999999999"	"3.1221486843944817"
"0.03"	"0.4999999999999999"	"3.109582635437063"
"0.04"	"0.02"	"3.1316191536287414"
"0.04"	"0.04"	"3.131619043606221"
"0.04"	"0.06"	"3.131618591561728"
"0.04"	"0.08"	"3.1316173554207545"
"0.04"	"0.1"	"3.1316146965851774"
"0.04"	"0.12"	"3.1316097416991253"
"0.04"	"0.14"	"3.131601337590784"
"0.04"	"0.16"	"3.13158798804515"
"0.04"	"0.18"	"3.131567765647038"
"0.04"	"0.2"	"3.1315381883973976"
"0.04"	"0.2199999999999999"	"3.1314960452060023"
"0.04"	"0.24"	"3.1314360766929843"
"0.04"	"0.26"	"3.131354425227341"
"0.04"	"0.28"	"3.1312428548019606"
"0.04"	"0.3"	"3.1310910877609177"
"0.04"	"0.32"	"3.1308846762442717"
"0.04"	"0.34"	"3.130602687062545"
"0.04"	"0.36"	"3.1302136415956667"
"0.04"	"0.3799999999999999"	"3.129667957198098"
"0.04"	"0.4"	"3.1288827995758077"
"0.04"	"0.4199999999999999"	"3.12770879292044"
"0.04"	"0.4399999999999999"	"3.125847851819256"
"0.04"	"0.46"	"3.1226192463242586"
"0.04"	"0.4799999999999999"	"3.1162134466708937"
"0.04"	"0.4999999999999999"	"3.10186334719214"
"0.05"	"0.02"	"3.1291115209297367"
"0.05"	"0.04"	"3.129111383920925"
"0.05"	"0.06"	"3.129110820483082"
"0.05"	"0.08"	"3.1291092790498864"
"0.05"	"0.1"	"3.129105962498397"
"0.05"	"0.12"	"3.12909978053455"
"0.05"	"0.14"	"3.129089293512681"
"0.05"	"0.16"	"3.1290726336149475"
"0.05"	"0.18"	"3.129047394992348"
"0.05"	"0.2"	"3.129010480084392"
"0.05"	"0.2199999999999999"	"3.128956729972524"
"0.05"	"0.24"	"3.128882715507883"
"0.05"	"0.26"	"3.128780685477202"
"0.05"	"0.28"	"3.1286412858050854"
"0.05"	"0.3"	"3.128451695903039"
"0.05"	"0.32"	"3.1281939091113307"
"0.05"	"0.34"	"3.1278418696007004"
"0.05"	"0.36"	"3.127356470648662"
"0.05"	"0.3799999999999999"	"3.1266762955415333"
"0.05"	"0.4"	"3.1256992216695623"
"0.05"	"0.4199999999999999"	"3.124242553446123"
"0.05"	"0.4399999999999999"	"3.1219470038902304"
"0.05"	"0.46"	"3.1180155205150935"
"0.05"	"0.4799999999999999"	"3.1104620853533653"
"0.05"	"0.4999999999999999"	"3.0946502125646846"
"0.05"	"0.5199999999999999"	"3.065512666582921"
"0.06"	"0.02"	"3.126598129571587"
"0.06"	"0.04"	"3.1265979657721985"
"0.06"	"0.06"	"3.126597291581493"
"0.06"	"0.08"	"3.126595446344268"
"0.06"	"0.1"	"3.1265914748673436"
"0.06"	"0.12"	"3.1265840704893235"
"0.06"	"0.14"	"3.126571507833131"
"0.06"	"0.16"	"3.1265515484793447"
"0.06"	"0.18"	"3.1265213095421625"
"0.06"	"0.2"	"3.1264770799114556"
"0.06"	"0.2199999999999999"	"3.1264124109018407"
"0.06"	"0.24"	"3.12632361839122"
"0.06"	"0.26"	"3.126201226915776"
"0.06"	"0.28"	"3.1260340283965795"
"0.06"	"0.3"	"3.1258066707396"
"0.06"	"0.32"	"3.125497611030333"
"0.06"	"0.34"	"3.1250757169546235"
"0.06"	"0.36"	"3.124494352694726"
"0.06"	"0.3799999999999999"	"3.1236804929106516"
"0.06"	"0.4"	"3.1225132808838243"
"0.06"	"0.4199999999999999"	"3.1207782036920433"
"0.06"	"0.4399999999999999"	"3.1180593654106694"
"0.06"	"0.46"	"3.1134589294564083"
"0.06"	"0.4799999999999999"	"3.1048650195384973"
"0.06"	"0.4999999999999999"	"3.0878111420458323"
"0.07"	"0.02"	"3.1240790130296054"
"0.07"	"0.04"	"3.124078822627662"
"0.07"	"0.06"	"3.124078038321233"
"0.07"	"0.08"	"3.124075890763303"
"0.07"	"0.1"	"3.1240712671482114"
"0.07"	"0.12"	"3.124062645022218"
"0.07"	"0.14"	"3.1240480140262257"
"0.07"	"0.16"	"3.124024766151562"
"0.07"	"0.18"	"3.1239895428852367"
"0.07"	"0.2"	"3.1239364934476743"
"0.07"	"0.2199999999999999"	"3.1238623815702846"
"0.07"	"0.24"	"3.123758821919795"
"0.07"	"0.26"	"3.123616087748959"
"0.07"	"0.28"	"3.123421123193599"
"0.07"	"0.3"	"3.1231560564596133"
"0.07"	"0.32"	"3.1227958314884026"
"0.07"	"0.34"	"3.1223042864234807"
"0.07"	"0.36"	"3.1216273562003245"
"0.07"	"0.3799999999999999"	"3.1206806318873235"
"0.07"	"0.4"	"3.1193250681673796"
"0.07"	"0.4199999999999999"	"3.1173157822021267"
"0.07"	"0.4399999999999999"	"3.114184532203144"
"0.07"	"0.46"	"3.10894607144511"
"0.07"	"0.4799999999999999"	"3.0994001489193286"
"0.07"	"0.4999999999999999"	"3.0812644786578316"
"0.08"	"0.02"	"3.1215542045873623"
"0.08"	"0.04"	"3.121553987760871"
"0.08"	"0.06"	"3.121553093972953"
"0.08"	"0.08"	"3.121550645573026"
"0.08"	"0.1"	"3.121545372603401"
"0.08"	"0.12"	"3.1215355373973352"
"0.08"	"0.14"	"3.1215188453714413"
"0.08"	"0.16"	"3.1214923199485725"
"0.08"	"0.18"	"3.12145212841193"
"0.08"	"0.2"	"3.1213913538593703"
"0.08"	"0.2199999999999999"	"3.121306677222843"
"0.08"	"0.24"	"3.121188362414668"
"0.08"	"0.26"	"3.1210253058885997"
"0.08"	"0.28"	"3.1208026104541355"
"0.08"	"0.3"	"3.120499896783698"
"0.08"	"0.32"	"3.1200886193086768"
"0.08"	"0.34"	"3.1195276342802702"
"0.08"	"0.36"	"3.1187555478999456"
"0.08"	"0.3799999999999999"	"3.1176767918887163"
"0.08"	"0.4"	"3.116134668424264"
"0.08"	"0.4199999999999999"	"3.113855317308311"
"0.08"	"0.4399999999999999"	"3.1103213950670443"
"0.08"	"0.46"	"3.104473931530273"
"0.08"	"0.4799999999999999"	"3.0940503908630075"
"0.08"	"0.4999999999999999"	"3.0749552806952436"
"0.09"	"0.02"	"3.119023737335488"
"0.09"	"0.04"	"3.119023494253014"
"0.09"	"0.06"	"3.1190224916145945"
"0.09"	"0.08"	"3.1190197438468137"
"0.09"	"0.1"	"3.119013824302529"
"0.09"	"0.12"	"3.1190027806866603"
"0.09"	"0.14"	"3.1189840349547087"
"0.09"	"0.16"	"3.1189542429923716"
"0.09"	"0.18"	"3.1189090993152826"
"0.09"	"0.2"	"3.1188405664146357"
"0.09"	"0.2199999999999999"	"3.1187453328750943"
"0.09"	"0.24"	"3.118612275943872"
"0.09"	"0.26"	"3.118428918955341"
"0.09"	"0.28"	"3.118178530082861"
"0.09"	"0.3"	"3.117838234970822"
"0.09"	"0.32"	"3.117376022664562"
"0.09"	"0.34"	"3.116745815800493"
"0.09"	"0.36"	"3.1158789928613784"
"0.09"	"0.3799999999999999"	"3.114669049333098"
"0.09"	"0.4"	"3.1129421609833625"
"0.09"	"0.4199999999999999"	"3.110396828522122"
"0.09"	"0.4399999999999999"	"3.1064707056759744"
"0.09"	"0.46"	"3.100039823512976"
"0.09"	"0.4799999999999999"	"3.0888017159743164"
"0.09"	"0.4999999999999999"	"3.0688443419082465"
"0.1"	"0.02"	"3.1164876441764373"
"0.1"	"0.04"	"3.116487374994028"
"0.1"	"0.06"	"3.1164862641329982"
"0.1"	"0.08"	"3.116483218466779"
"0.1"	"0.1"	"3.116476655123754"
"0.1"	"0.12"	"3.1164644077697106"
"0.1"	"0.14"	"3.1164436156691977"
"0.1"	"0.16"	"3.1164105682115295"
"0.1"	"0.18"	"3.116358434336079"
"0.1"	"0.2"	"3.116284165206623"
"0.1"	"0.2199999999999999"	"3.1161783833147534"
"0.1"	"0.24"	"3.1160305983244414"
"0.1"	"0.26"	"3.1158269642814007"
"0.1"	"0.28"	"3.115548921633815"
"0.1"	"0.3"	"3.1151711138263716"
"0.1"	"0.32"	"3.114658089092596"
"0.1"	"0.34"	"3.113958885289021"
"0.1"	"0.36"	"3.112997754546403"
"0.1"	"0.3799999999999999"	"3.111657477793164"
"0.1"	"0.4"	"3.1097476200251046"
"0.1"	"0.4199999999999999"	"3.106940327736405"
"0.1"	"0.4399999999999999"	"3.1026316001310583"
"0.1"	"0.46"	"3.095641342166374"
"0.1"	"0.4799999999999999"	"3.0836439551320813"
"0.1"	"0.4999999999999999"	"3.062902685284815"
"0.2"	"0.02"	"3.0908243924165113"
"0.2"	"0.04"	"3.090823867558515"
"0.2"	"0.06"	"3.0908217083129936"
"0.2"	"0.08"	"3.0908157634427864"
"0.2"	"0.1"	"3.0908029139053212"
"0.2"	"0.12"	"3.09077888624232"
"0.2"	"0.14"	"3.0907380365454857"
"0.2"	"0.16"	"3.0906679848660352"
"0.2"	"0.18"	"3.0905667254237774"
"0.2"	"0.2"	"3.090418747097364"
"0.2"	"0.2199999999999999"	"3.0902080948717137"
"0.2"	"0.24"	"3.0899140136253727"
"0.2"	"0.26"	"3.089509204657299"
"0.2"	"0.28"	"3.0889572533868743"
"0.2"	"0.3"	"3.0882087457149203"
"0.2"	"0.32"	"3.0871952502054065"
"0.2"	"0.34"	"3.085819721371584"
"0.2"	"0.36"	"3.0839407143124977"
"0.2"	"0.3799999999999999"	"3.081345585620981"
"0.2"	"0.4"	"3.0777036968687383"
"0.2"	"0.4199999999999999"	"3.072481762692412"
"0.2"	"0.4399999999999999"	"3.0648028576545294"
"0.2"	"0.46"	"3.0532251382255517"
"0.2"	"0.4799999999999999"	"3.0355831056336213"
"0.2"	"0.4999999999999999"	"3.009428079729589"
"0.2"	"0.5199999999999999"	"2.9735396761205917"
"0.2"	"0.5399999999999999"	"2.9289566626179"
"0.3"	"0.02"	"3.064633375089768"
"0.3"	"0.04"	"3.06463258988947"
"0.3"	"0.06"	"3.064629441655703"
"0.3"	"0.08"	"3.0646207393202363"
"0.3"	"0.1"	"3.0646018763774348"
"0.3"	"0.12"	"3.064566535214104"
"0.3"	"0.14"	"3.064499630623468"
"0.3"	"0.16"	"3.0643997556352187"
"0.3"	"0.18"	"3.0642486471338772"
"0.3"	"0.2"	"3.0640279283186445"
"0.3"	"0.2199999999999999"	"3.063713926379789"
"0.3"	"0.24"	"3.0632759318257894"
"0.3"	"0.26"	"3.0626737060558757"
"0.3"	"0.28"	"3.0618538508966595"
"0.3"	"0.3"	"3.060744418345464"
"0.3"	"0.32"	"3.059246741103853"
"0.3"	"0.34"	"3.0572227864329844"
"0.3"	"0.36"	"3.0544751860486445"
"0.3"	"0.3799999999999999"	"3.050715222132403"
"0.3"	"0.4"	"3.0455113997856795"
"0.3"	"0.4199999999999999"	"3.038204527142178"
"0.3"	"0.4399999999999999"	"3.0278029202955654"
"0.3"	"0.46"	"3.012856670198901"
"0.3"	"0.4799999999999999"	"2.991511764048964"
"0.3"	"0.4999999999999999"	"2.9620389026182035"
"0.3"	"0.5199999999999999"	"2.923830377372956"
"0.3"	"0.5399999999999999"	"2.877870024579865"
"0.3"	"0.5599999999999999"	"2.826049205599639"
"0.4"	"0.02"	"3.0379445379854055"
"0.4"	"0.04"	"3.037943460109097"
"0.4"	"0.06"	"3.0379393793426077"
"0.4"	"0.08"	"3.037928056505192"
"0.4"	"0.1"	"3.0379034477875524"
"0.4"	"0.12"	"3.03785725723381"
"0.4"	"0.14"	"3.037767125233515"
"0.4"	"0.16"	"3.0376347938743407"
"0.4"	"0.18"	"3.037434667969122"
"0.4"	"0.2"	"3.0371425112487764"
"0.4"	"0.2199999999999999"	"3.0367271712756807"
"0.4"	"0.24"	"3.0361483549927355"
"0.4"	"0.26"	"3.0353534760744"
"0.4"	"0.28"	"3.0342731228982873"
"0.4"	"0.3"	"3.0328144436921174"
"0.4"	"0.32"	"3.030851343124555"
"0.4"	"0.34"	"3.0282097524709104"
"0.4"	"0.36"	"3.024645290935545"
"0.4"	"0.3799999999999999"	"3.019809416288465"
"0.4"	"0.4"	"3.0131965623457977"
"0.4"	"0.4199999999999999"	"3.0040803417803046"
"0.4"	"0.4399999999999999"	"2.9914257597813703"
"0.4"	"0.46"	"2.9738554659748893"
"0.4"	"0.4799999999999999"	"2.949791194527749"
"0.4"	"0.4999999999999999"	"2.917936324972589"
"0.4"	"0.5199999999999999"	"2.877988575136497"
"0.4"	"0.5399999999999999"	"2.830869265851986"
"0.4"	"0.5599999999999999"	"2.778215892741122"
"0.5"	"0.02"	"3.010785812661362"
"0.5"	"0.04"	"3.0107847330280637"
"0.5"	"0.06"	"3.0107797731788053"
"0.5"	"0.08"	"3.010765962008027"
"0.5"	"0.1"	"3.010735869349355"
"0.5"	"0.12"	"3.0106693340443194"
"0.5"	"0.14"	"3.0105657797664818"
"0.5"	"0.16"	"3.010401627109656"
"0.5"	"0.18"	"3.010153496682314"
"0.5"	"0.2"	"3.0097914746917622"
"0.5"	"0.2199999999999999"	"3.0092771999483205"
"0.5"	"0.24"	"3.0085612079342097"
"0.5"	"0.26"	"3.0075792057854915"
"0.5"	"0.28"	"3.006246788505531"
"0.5"	"0.3"	"3.004451858400474"
"0.5"	"0.32"	"3.002043639252877"
"0.5"	"0.34"	"2.998816651150926"
"0.5"	"0.36"	"2.994487357993831"
"0.5"	"0.3799999999999999"	"2.9886606911784463"
"0.5"	"0.4"	"2.9807799131914066"
"0.5"	"0.4199999999999999"	"2.970080664221294"
"0.5"	"0.4399999999999999"	"2.9555287436999356"
"0.5"	"0.46"	"2.9358393205657474"
"0.5"	"0.4799999999999999"	"2.9096544364250176"
"0.5"	"0.4999999999999999"	"2.8759628771767707"
"0.5"	"0.5199999999999999"	"2.834624422830439"
"0.5"	"0.5399999999999999"	"2.786494153304244"
"0.5123891107762597"	"0.0052230430216343"	"3.0073898481431223"
"0.5123968023405076"	"0.004910460544315"	"3.007387737981422"
"0.512404425076471"	"0.0047970880230731"	"3.0073856462101936"
"0.5124059839844793"	"0.0047777494120133"	"3.0073852186000187"
"0.5124664570206446"	"0.0043105220207693"	"3.0073686255266425"
"0.5124884869439368"	"0.0041935746861338"	"3.0073625808205566"
"0.5125641114799788"	"0.0038693654239115"	"3.0073418299474874"
"0.5125657988608491"	"0.0038630470505961"	"3.0073413669242033"
"0.5125779038951241"	"0.0038185861303382"	"3.0073380453034275"
"0.5126194462362043"	"0.00367609531701"	"3.00732664584146"
"0.512648235762959"	"0.003584905852611"	"3.0073187465082745"
"0.5126988117053293"	"0.0034364427925035"	"3.007304868462428"
"0.5127336217743136"	"0.003341375110075"	"3.007295315943108"
"0.512765802368495"	"0.0032577846692247"	"3.007286485355035"
"0.5127743896069921"	"0.0032361061073171"	"3.0072841295737724"
"0.5127972582599593"	"0.0031795577313371"	"3.007277854258971"
"0.5127978584362097"	"0.0031780959293336"	"3.007277689394508"
"0.5128863387578657"	"0.0029735580420011"	"3.007253409366111"
"0.5129500311694866"	"0.0028378198005941"	"3.007235931716314"
"0.5130188820519728"	"0.0026998531116105"	"3.007217037481505"
"0.5130423829726606"	"0.0026545869488326"	"3.0072105889529013"
"0.5130554252215678"	"0.0026298339128459"	"3.007207009811007"
"0.5131711464033383"	"0.0024205496821804"	"3.0071752532781795"
"0.5132543704515496"	"0.0022800356959421"	"3.0071524149474715"
"0.5132922886568705"	"0.0022184114752595"	"3.007142008828465"
"0.5132975371417582"	"0.0022099929817428"	"3.007140568522476"
"0.5133139079846687"	"0.0021838949733779"	"3.0071360764877064"
"0.5133666267522591"	"0.002101503371106"	"3.0071216076075054"
"0.5133711771925137"	"0.0020945049352657"	"3.007120359746563"
"0.5134253890489816"	"0.0020124395999453"	"3.007105480843931"
"0.5135224258315578"	"0.0018711616834411"	"3.0070788523267353"
"0.5135500783608208"	"0.0018321165473327"	"3.0070712625221256"
"0.5135791096292859"	"0.001791669635343"	"3.007063294084816"
"0.5138864781794128"	"0.0013931579153879"	"3.0069789389102715"
"0.5140302238501496"	"0.0012225377970771"	"3.006939486494897"
"0.5140358954184365"	"0.0012159827598542"	"3.006937929174662"
"0.5140453860529512"	"0.0012050423884019"	"3.0069353238024283"
"0.5141211423302673"	"0.0011189684259204"	"3.0069145327381617"
"0.5141923408787814"	"0.0010400131153644"	"3.0068949877936784"
"0.5142212293355195"	"0.0010084866594691"	"3.006887059236471"
"0.5142384646921099"	"0.0009898151592586"	"3.006882327136278"
"0.5142639926993091"	"0.000962346182135"	"3.0068753265753845"
"0.5143324220070671"	"0.0008897602562462"	"3.006856544823879"
"0.5143742981061621"	"0.0008460691785784"	"3.0068450451486086"
"0.5146616698480095"	"0.000559914947439"	"3.006766155869999"
"0.5146805312696738"	"0.0005419048203335"	"3.006760986212704"
"0.5147693884410044"	"0.000458235707816"	"3.006736603072857"
"0.5150202825334594"	"0.0002317422135297"	"3.006667656486777"
"0.5269956980456353"	"0.0233448979804955"	"3.0033770906776973"
"0.5323890018606783"	"0.0051897556496827"	"3.0018865311983696"
"0.5326380359826068"	"0.0151889803947081"	"3.001824738291334"
"0.5424359495302025"	"0.0124645534311902"	"2.999125559633158"
"0.5463706143501349"	"0.019999963267969"	"2.9980403546667325"
"0.5466919610342271"	"0.0080740807003442"	"2.9979518060793287"
"0.5468678353713066"	"0.0222159429205325"	"2.9979031293401928"
"0.5501935917430917"	"0.000634632733694"	"2.996985504876216"
"0.5508995458560185"	"0.0263373109371115"	"2.9967903221375827"
"0.5519795171614361"	"0.0031765672425302"	"2.996492464591628"
"0.5520769402495003"	"0.0034301429442101"	"2.9964655653780468"
"0.5520797720347963"	"0.0034380824701958"	"2.9964647829877604"
"0.552103713327155"	"0.0035067411077395"	"2.9964581725546213"
"0.5521742086892092"	"0.0037281135293048"	"2.996438707403908"
"0.5521765375729346"	"0.0037360164677642"	"2.9964380644009294"
"0.5522878948499206"	"0.0041855074479563"	"2.9964073164158345"
"0.5523413708078931"	"0.0045000141411786"	"2.9963925502627915"
"0.552372825345431"	"0.0047876365969605"	"2.996383864512344"
"0.5523841567586163"	"0.0049696996682953"	"2.996380735301557"
"0.5523874513507286"	"0.0050652385886984"	"2.9963798255461476"
"0.5570122026986489"	"0.0288377051795681"	"2.9951019043840317"
"0.5619868209379191"	"0.0297568226810806"	"2.99372669794518"
"0.5624998386624407"	"0.0298109262505713"	"2.993584819114145"
"0.5628708859257741"	"0.0298457084681178"	"2.9934821965388423"
"0.566370540885898"	"0.0299999999999325"	"2.992514087958165"
"0.56637061435"	"0.02"	"2.992514391084506"
"0.5842525224389291"	"0.0244787655413934"	"2.9875590901060614"
"0.6"	"0.02"	"2.983184349288395"
"0.6"	"0.04"	"2.9831831008072607"
"0.6"	"0.06"	"2.98317731316274"
"0.6"	"0.08"	"2.9831611410521"
"0.6"	"0.1"	"2.9831258199791786"
"0.6"	"0.12"	"2.983045636051861"
"0.6"	"0.14"	"2.982922415416977"
"0.6"	"0.16"	"2.982727172478943"
"0.6"	"0.18"	"2.982432196922536"
"0.6"	"0.2"	"2.9820020979822117"
"0.6"	"0.2199999999999999"	"2.9813915994869427"
"0.6"	"0.24"	"2.9805425040003986"
"0.6"	"0.26"	"2.9793794796314215"
"0.6"	"0.28"	"2.9778041634125976"
"0.6"	"0.3"	"2.9756868456174668"
"0.6"	"0.32"	"2.972854683746845"
"0.6"	"0.34"	"2.9690750058866566"
"0.6"	"0.36"	"2.964031919133008"
"0.6"	"0.3799999999999999"	"2.9572945722567607"
"0.6"	"0.4"	"2.9482709439827186"
"0.6"	"0.4199999999999999"	"2.9361803104641826"
"0.6"	"0.4399999999999999"	"2.9200095818443144"
"0.6"	"0.46"	"2.8985673020028195"
"0.6"	"0.4799999999999999"	"2.870669781835783"
"0.6"	"0.4999999999999999"	"2.8355002821685584"
"0.6"	"0.5199999999999999"	"2.793007669456603"
"0.6"	"0.5399999999999999"	"2.743971554396615"
"0.7000000000000001"	"0.02"	"2.9551651932402963"
"0.7000000000000001"	"0.04"	"2.955163789320757"
"0.7000000000000001"	"0.06"	"2.9551572221556923"
"0.7000000000000001"	"0.08"	"2.955138811760112"
"0.7000000000000001"	"0.1"	"2.9550985110988472"
"0.7000000000000001"	"0.12"	"2.9550047591732227"
"0.7000000000000001"	"0.14"	"2.954862362775381"
"0.7000000000000001"	"0.16"	"2.9546368378197476"
"0.7000000000000001"	"0.18"	"2.954296293244702"
"0.7000000000000001"	"0.2"	"2.9538000750890756"
"0.7000000000000001"	"0.2199999999999999"	"2.9530963010116733"
"0.7000000000000001"	"0.24"	"2.9521184941148233"
"0.7000000000000001"	"0.26"	"2.950780960445485"
"0.7000000000000001"	"0.28"	"2.948972405549001"
"0.7000000000000001"	"0.3"	"2.9465470846339814"
"0.7000000000000001"	"0.32"	"2.9433125327431853"
"0.7000000000000001"	"0.34"	"2.9390126779375527"
"0.7000000000000001"	"0.36"	"2.9333050874086486"
"0.7000000000000001"	"0.3799999999999999"	"2.925731751544581"
"0.7000000000000001"	"0.4"	"2.9156771195371767"
"0.7000000000000001"	"0.4199999999999999"	"2.902358095422791"
"0.7000000000000001"	"0.4399999999999999"	"2.884792561692916"
"0.7000000000000001"	"0.46"	"2.861875846873183"
"0.7000000000000001"	"0.4799999999999999"	"2.8325621405883608"
"0.7000000000000001"	"0.4999999999999999"	"2.796170518066446"
"0.7000000000000001"	"0.5199999999999999"	"2.7526945795308344"
"0.7000000000000001"	"0.5399999999999999"	"2.702828336083056"
"0.8"	"0.02"	"2.926752191857703"
"0.8"	"0.04"	"2.926750645966149"
"0.8"	"0.06"	"2.926743344153539"
"0.8"	"0.08"	"2.9267228134483587"
"0.8"	"0.1"	"2.926677775030952"
"0.8"	"0.12"	"2.9265705957526933"
"0.8"	"0.14"	"2.926409617483104"
"0.8"	"0.16"	"2.926154615557345"
"0.8"	"0.18"	"2.9257698692661203"
"0.8"	"0.2"	"2.9252096196947344"
"0.8"	"0.2199999999999999"	"2.924415695944911"
"0.8"	"0.24"	"2.9233138011465396"
"0.8"	"0.26"	"2.9218085532768314"
"0.8"	"0.28"	"2.9197767272909085"
"0.8"	"0.3"	"2.917058043308052"
"0.8"	"0.32"	"2.9134426699867655"
"0.8"	"0.34"	"2.9086545099131933"
"0.8"	"0.36"	"2.902329533477092"
"0.8"	"0.3799999999999999"	"2.8939894730999343"
"0.8"	"0.4"	"2.883003967608598"
"0.8"	"0.4199999999999999"	"2.8685965380814347"
"0.8"	"0.4399999999999999"	"2.8498201767979494"
"0.8"	"0.46"	"2.825648029864975"
"0.8"	"0.4799999999999999"	"2.7951437106314483"
"0.8"	"0.4999999999999999"	"2.757721853174426"
"0.8"	"0.5199999999999999"	"2.713390827602968"
"0.9"	"0.02"	"2.897967895811374"
"0.9"	"0.04"	"2.8979662173478893"
"0.9"	"0.06"	"2.8979582266561845"
"0.9"	"0.08"	"2.897935689020507"
"0.9"	"0.1"	"2.8978717560260505"
"0.9"	"0.12"	"2.8977657323233252"
"0.9"	"0.14"	"2.8975866034607263"
"0.9"	"0.16"	"2.897303169983763"
"0.9"	"0.18"	"2.8968756586042628"
"0.9"	"0.2"	"2.8962535620726535"
"0.9"	"0.2199999999999999"	"2.895372742387911"
"0.9"	"0.24"	"2.8941515414193844"
"0.9"	"0.26"	"2.8924855510729226"
"0.9"	"0.28"	"2.890240579888503"
"0.9"	"0.3"	"2.887243224697664"
"0.9"	"0.32"	"2.883268352351079"
"0.9"	"0.34"	"2.878022823046929"
"0.9"	"0.36"	"2.8711251930639974"
"0.9"	"0.3799999999999999"	"2.8620776685138205"
"0.9"	"0.4"	"2.850255898787477"
"0.9"	"0.4199999999999999"	"2.834881339354687"
"0.9"	"0.4399999999999999"	"2.81504782934667"
"0.9"	"0.46"	"2.789796987599246"
"0.9"	"0.4799999999999999"	"2.75827952635573"
"0.9"	"0.4999999999999999"	"2.719976347389263"
"0.9"	"0.5199999999999999"	"2.674888977617353"
"0.9"	"0.5399999999999999"	"2.623475108600621"
"0.9"	"0.5599999999999999"	"2.5684222635239164"
"0.9"	"0.58"	"2.512394996397457"
"1"	"0.02"	"2.8688336359941675"
"1"	"0.02"	"2.8688336372417234"
"1"	"0.02"	"2.8688336359296778"
"1"	"0.02"	"2.868833632946649"
"1"	"0.04"	"2.868831836400785"
"1"	"0.06"	"2.868823197573744"
"1"	"0.08"	"2.8687987618738036"
"1"	"0.1"	"2.8687279622921524"
"1"	"0.12"	"2.868611527700662"
"1"	"0.14"	"2.868414895803303"
"1"	"0.16"	"2.8681039184389356"
"1"	"0.18"	"2.8676351292447033"
"1"	"0.2"	"2.866953438551191"
"1"	"0.2199999999999999"	"2.865989062630488"
"1"	"0.24"	"2.864653434896568"
"1"	"0.26"	"2.8628337647375326"
"1"	"0.28"	"2.860385814665402"
"1"	"0.3"	"2.857124376676953"
"1"	"0.32"	"2.852810893253995"
"1"	"0.34"	"2.847137807090481"
"1"	"0.36"	"2.839709789961627"
"1"	"0.3799999999999999"	"2.830017865106909"
"1"	"0.4"	"2.817436673719066"
"1"	"0.4199999999999999"	"2.801200856834275"
"1"	"0.4399999999999999"	"2.7804403431505778"
"1"	"0.46"	"2.7542564575387987"
"1"	"0.4799999999999999"	"2.721868448174499"
"1"	"0.4999999999999999"	"2.6828025948501164"
"1"	"0.5199999999999999"	"2.637028377659342"
"1"	"0.5399999999999999"	"2.58744425690084"
"2"	"0.02"	"2.5621945063184053"
"2"	"0.04"	"2.562192107009381"
"2"	"0.06"	"2.562178692463468"
"2"	"0.08"	"2.562140352437915"
"2"	"0.1"	"2.5620104645574404"
"2"	"0.12"	"2.561809414210426"
"2"	"0.14"	"2.5614713823018977"
"2"	"0.16"	"2.5609393817660515"
"2"	"0.18"	"2.5601419460081094"
"2"	"0.2"	"2.5589901652914153"
"2"	"0.2199999999999999"	"2.557373978774092"
"2"	"0.24"	"2.555157606426668"
"2"	"0.26"	"2.552174028877942"
"2"	"0.28"	"2.5482184927957485"
"2"	"0.3"	"2.543041165118427"
"2"	"0.32"	"2.536339323635966"
"2"	"0.34"	"2.5277498968399392"
"2"	"0.36"	"2.5168437730321696"
"2"	"0.3799999999999999"	"2.5031136892058683"
"2"	"0.4"	"2.4860094176400644"
"2"	"0.4199999999999999"	"2.4649127335564907"
"2"	"0.4399999999999999"	"2.4391818120681235"
"2"	"0.46"	"2.4081710651132666"
"2"	"0.4799999999999999"	"2.3712352757027144"
"2"	"0.4999999999999999"	"2.3277613456327537"
"2.546370614360135"	"0.019999963267969"	"2.3862201798641416"
"2.5463952766191826"	"0.0204964579892295"	"2.38621209783261"
"2.5464087305807004"	"0.0206170891308699"	"2.3862077017981718"
"2.546415974105726"	"0.0206731144632454"	"2.3862053357334387"
"2.5464640080484204"	"0.0209652752399938"	"2.38618965261678"
"2.546479453103672"	"0.0210418377842509"	"2.386184611266171"
"2.5464944446643956"	"0.0211110668557231"	"2.386179718349743"
"2.5465230908240817"	"0.0212324578584245"	"2.3861703698514125"
"2.5465245450606764"	"0.0212382985672341"	"2.3861698953110007"
"2.546587863113363"	"0.0214699279840951"	"2.386149234919213"
"2.54662189708751"	"0.0215802030005091"	"2.3861381309651453"
"2.546625666779563"	"0.0215919363245581"	"2.386136901126437"
"2.5466469480114124"	"0.0216565767239707"	"2.3861299582973143"
"2.546757483744151"	"0.0219573647747451"	"2.3860938996395613"
"2.546826571249874"	"0.0221231096833152"	"2.386071363928912"
"2.5468322146012072"	"0.0221360556445013"	"2.3860695231360363"
"2.5468397743276228"	"0.0221532700498133"	"2.3860670573419034"
"2.5468868698299225"	"0.0222574155070944"	"2.3860516958938107"
"2.5468894801523407"	"0.0222630405422343"	"2.3860508445006774"
"2.5469779436058375"	"0.0224456247167467"	"2.3860219909020652"
"2.547050231592521"	"0.0225847054821637"	"2.3859984139381143"
"2.547102406201524"	"0.0226803056897326"	"2.3859813973740636"
"2.547170051444492"	"0.0227990348214887"	"2.385959335496883"
"2.547419451265981"	"0.023195833904629"	"2.385877999142833"
"2.547442392976821"	"0.0232296453082877"	"2.3858705173766213"
"2.5474673671047476"	"0.0232660083897167"	"2.3858623728340147"
"2.547566917518138"	"0.0234066473650559"	"2.3858299078470444"
"2.5475834817776257"	"0.02342941865818"	"2.385824506006853"
"2.5475937424583845"	"0.0234434387460186"	"2.3858211598489367"
"2.547640482624108"	"0.0235064998629742"	"2.385805917366487"
"2.5476571103438705"	"0.0235286246413549"	"2.385800494867087"
"2.5477254081173073"	"0.0236178821210572"	"2.3857782223615893"
"2.547799478716122"	"0.0237119038543815"	"2.3857540674030004"
"2.547913421002245"	"0.0238513638283875"	"2.3857169103743727"
"2.5481323143768404"	"0.0241037913483843"	"2.385645529234836"
"2.548333634639866"	"0.0243205139328407"	"2.3855798795027088"
"2.548333949030035"	"0.0243208420410507"	"2.385579776996168"
"2.548427673066834"	"0.0244173198251315"	"2.385549214166183"
"2.5487118777139317"	"0.0246949179988794"	"2.3854565375111676"
"2.5488516740762526"	"0.0248240732616354"	"2.38541095140232"
"2.5497658035949575"	"0.0255740528221649"	"2.3851128664458976"
"2.5502354905195315"	"0.0259088446132209"	"2.384959708873892"
"2.550237026298642"	"0.0259098928980653"	"2.384959208103824"
"2.5510247260260535"	"0.0264129500084215"	"2.3847023513876477"
"2.551234914852541"	"0.0265366390526765"	"2.384633811917663"
"2.5513851040832356"	"0.0266225841207377"	"2.384584837356521"
"2.5515629483902638"	"0.0267218492345618"	"2.3845268447976515"
"2.5518258679719024"	"0.0268638610217923"	"2.3844411101828316"
"2.551826541537476"	"0.0268642178311356"	"2.384440890521126"
"2.5519852885213714"	"0.0269473448258397"	"2.3843891251329774"
"2.552075731893301"	"0.026993860437256"	"2.3843596326405576"
"2.5520841382746102"	"0.026998153346805"	"2.384356891446817"
"2.5524416360754016"	"0.0271760637529776"	"2.3842403154578173"
"2.5526590380429814"	"0.0272799841157549"	"2.3841694228680614"
"2.5527596873137908"	"0.0273270503093465"	"2.3841366021245727"
"2.5533132589409093"	"0.027574718962766"	"2.383956086938288"
"2.5533167381038964"	"0.02757621796628"	"2.383954952435789"
"2.5535564907625763"	"0.0276778616233617"	"2.3838767706501667"
"2.5537618380341978"	"0.0277623894447183"	"2.3838098079892376"
"2.5538557004212814"	"0.0278002712950651"	"2.383779199941302"
"2.5548330831203456"	"0.0281683133646733"	"2.3834604775062553"
"2.5548905022198545"	"0.0281885136815189"	"2.3834417531200107"
"2.555022629606294"	"0.0282344283655524"	"2.383398666223186"
"2.555033736507132"	"0.0282382522501614"	"2.3833950442600504"
"2.5551522558096176"	"0.0282787141428344"	"2.3833563949088443"
"2.555850221857264"	"0.0285047242987116"	"2.383128785505493"
"2.5560382345609725"	"0.0285621540468601"	"2.3830674734316433"
"2.556665588050227"	"0.0287437472562771"	"2.3828628881701395"
"2.5567034620260545"	"0.0287542299169073"	"2.3828505370933426"
"2.5567512827291585"	"0.0287673892775428"	"2.382834942263126"
"2.5573984557519673"	"0.0289372866395835"	"2.3826238911156734"
"2.55761636686654"	"0.0289911505218083"	"2.382552827064964"
"2.5576710477308016"	"0.0290044092041641"	"2.382534994754641"
"2.557921315370082"	"0.0290637926192485"	"2.3824533783780986"
"2.5580215776014255"	"0.0290869904974636"	"2.3824206811015434"
"2.558140572463195"	"0.0291140881383827"	"2.3823818747233605"
"2.558421206402463"	"0.0291761499705031"	"2.382290354600308"
"2.559670713707881"	"0.0294221989372404"	"2.381882860802146"
"2.559989530303095"	"0.0294773646951397"	"2.3817788857464417"
"2.5605124924650524"	"0.0295614121324198"	"2.3816083317692422"
"2.560612862399878"	"0.0295766420571842"	"2.3815755978786135"
"2.560668834813601"	"0.0295850105634301"	"2.3815573434448183"
"2.5608521783411913"	"0.0296118008706266"	"2.3814975489745005"
"2.561039697459178"	"0.0296382224112713"	"2.38143639251346"
"2.5610831919105403"	"0.0296442102299897"	"2.381422207439006"
"2.5617661117612114"	"0.0297313739499845"	"2.3811994817239532"
"2.56177"	"0.0297314"	"2.3811982132630085"
"2.5629338401192676"	"0.0298512509715548"	"2.380818635520816"
"2.5638368689583233"	"0.0299194270782072"	"2.3805241136553748"
"2.563954927896512"	"0.0299267877345862"	"2.380485608521587"
"2.564551927397333"	"0.029958568894824"	"2.3802908947790864"
"2.5646031332944625"	"0.0299608735897381"	"2.3802741936805507"
"2.565132516906633"	"0.0299808205411174"	"2.3801015312195357"
"2.565391024042665"	"0.0299879978325261"	"2.3800172165811984"
"2.565413027719709"	"0.0299885312712422"	"2.380010039821645"
"2.5655700240995256"	"0.0299919849784069"	"2.3799588337111968"
"2.5656706669370934"	"0.0299938740436976"	"2.3799260078402535"
"2.5663370431450905"	"0.0299999859121592"	"2.379706897741789"
"2.566370540895898"	"0.0299999999999325"	"2.3796986016852006"
"2.56637061436"	"0.02"	"2.379699305466682"
"2.5665396108979905"	"0.0299996403953253"	"2.379656729880738"
"2.567530887785835"	"0.0299831400314317"	"2.379319263977071"
"2.5690901167424913"	"0.02990708035835"	"2.3788106784065146"
"2.5706070947626407"	"0.0297730116644308"	"2.3783158606811554"
"2.570963926047122"	"0.0297326235347102"	"2.378199465239957"
"2.571573190398314"	"0.0296556564986397"	"2.378000726462618"
"2.5716371102928526"	"0.029646988508894"	"2.377979876027725"
"2.571910124906915"	"0.0296086811792225"	"2.3778908193390897"
"2.5720095904116462"	"0.0295942042399157"	"2.37785837383916"
"2.5720322871689283"	"0.0295908615882072"	"2.377850970190379"
"2.5729276824426224"	"0.0294471794862504"	"2.3775588908922085"
"2.5729603598008888"	"0.0294414929658242"	"2.3775482314021423"
"2.5737325016456647"	"0.0292977627620517"	"2.377296353808432"
"2.5743927802082567"	"0.0291601719106413"	"2.3770809641161623"
"2.5747267797199047"	"0.0290852109594796"	"2.3769720091071678"
"2.5762840554335473"	"0.0286849223494018"	"2.376463997457851"
"2.576873907224901"	"0.0285098168753898"	"2.376271573740279"
"2.5772144333355613"	"0.0284023548132438"	"2.3761604851681475"
"2.5774747459749494"	"0.0283169197548107"	"2.3760755639586812"
"2.577504413133184"	"0.0283069977154743"	"2.3760658857103416"
"2.5776956458768967"	"0.0282421135861976"	"2.3760035000550483"
"2.578673415385733"	"0.0278839388925541"	"2.3756845205464"
"2.5789867596419316"	"0.0277591458314967"	"2.3755822967594553"
"2.579105241109935"	"0.0277106036383642"	"2.375543643861941"
"2.581801266103838"	"0.0263615254937897"	"2.374664090547672"
"2.5826869168872877"	"0.025782694512365"	"2.3743751517251814"
"2.582834979303228"	"0.0256768049232"	"2.374326847165274"
"2.583505665515185"	"0.0251567666068889"	"2.37410804016707"
"2.5842493217042293"	"0.0244819589383271"	"2.3738654301166253"
"2.5845096929739007"	"0.0242116368199496"	"2.373780488320867"
"2.5846029535790818"	"0.0241097263833206"	"2.373750063828358"
"2.5846743010754776"	"0.0240296576200177"	"2.3737267881675383"
"2.5849046702745255"	"0.0237571930285328"	"2.373651635806502"
"2.5849523411445556"	"0.0236978574062338"	"2.373636084554946"
"2.5857809765698807"	"0.0224090448627799"	"2.3733657833287745"
"2.5863497309117425"	"0.0204500979599951"	"2.373180343380389"
"2.5863657523068446"	"0.020206088381109"	"2.373175136008906"
"2.5863690345759855"	"0.0200982548071833"	"2.3731740742334937"
"3"	"0.02"	"2.2372265512857243"
"3"	"0.04"	"2.237223767460292"
"3"	"0.06"	"2.2372082700372538"
"3"	"0.08"	"2.2371308184009626"
"3"	"0.1"	"2.236993320148658"
"3"	"0.12"	"2.236740546110606"
"3"	"0.14"	"2.2363172750883766"
"3"	"0.16"	"2.235654058574742"
"3"	"0.18"	"2.234664913093802"
"3"	"0.2"	"2.233244527273176"
"3"	"0.2199999999999999"	"2.23126498570101"
"3"	"0.24"	"2.2285720798393776"
"3"	"0.26"	"2.2249813781417647"
"3"	"0.28"	"2.220274338742577"
"3"	"0.3"	"2.2141948307127333"
"3"	"0.32"	"2.206442791917185"
"3"	"0.34"	"2.1966828452110705"
"3"	"0.36"	"2.18453357337072"
"3"	"0.3799999999999999"	"2.169577890263295"
"3"	"0.4"	"2.151369656696564"
"3"	"0.4199999999999999"	"2.129445939846994"
"3"	"0.4399999999999999"	"2.103342481319003"
"3"	"0.46"	"2.0726100194308312"
"3"	"0.4799999999999999"	"2.0368274146630303"
"3"	"0.4999999999999999"	"1.9956184263526584"
"3"	"0.5199999999999999"	"1.948817739235628"
"3"	"0.5399999999999999"	"1.9067806647985153"
"4"	"0.02"	"1.9030792473487297"
"4"	"0.02"	"3.0316372285208733"
"4"	"0.04"	"1.9030772859906793"
"4"	"0.06"	"1.903060943154868"
"4"	"0.08"	"1.9029728727548456"
"4"	"0.1"	"1.902820305907023"
"4"	"0.12"	"1.9025408893260636"
"4"	"0.14"	"1.9020746911799549"
"4"	"0.16"	"1.901346993166632"
"4"	"0.18"	"1.9002662487177524"
"4"	"0.2"	"1.8987216921718737"
"4"	"0.2199999999999999"	"1.8965806273882864"
"4"	"0.24"	"1.8936854662138527"
"4"	"0.26"	"1.8898506374165305"
"4"	"0.28"	"1.8848595487562485"
"4"	"0.3"	"1.8784618464533436"
"4"	"0.32"	"1.870371269578329"
"4"	"0.34"	"1.8602763397928577"
"4"	"0.36"	"1.847808747133019"
"4"	"0.3799999999999999"	"1.8325944113849992"
"4"	"0.4"	"1.8142684132472713"
"4"	"0.4199999999999999"	"1.792696783137444"
"4"	"0.4399999999999999"	"1.7716969848554267"
"4"	"0.46"	"2.9111718150790047"
"4"	"0.4799999999999999"	"2.8907946854293254"
"4"	"0.4999999999999999"	"2.868621000033176"
"4"	"0.5199999999999999"	"2.844587986958871"
"4"	"0.5399999999999999"	"2.8186891965421665"
"4"	"0.5599999999999999"	"2.790906488287936"
"4"	"0.58"	"2.7612373832762156"
"4"	"0.6"	"2.729692989349889"
"4"	"0.6199999999999999"	"2.69629694768871"
"4"	"0.6399999999999999"	"2.6610845299420074"
"4"	"0.6599999999999999"	"2.6241030274584087"
"4"	"0.6799999999999999"	"2.5854032688171316"
"4"	"0.7"	"2.545067181653055"
"4.04"	"0.02"	"2.9651702758376572"
"4.08"	"0.02"	"2.9003169479761244"
"4.1"	"0.02"	"1.8693976527870535"
"4.12"	"0.02"	"2.8368503406243306"
"4.16"	"0.02"	"2.774539468751275"
"4.2"	"0.02"	"1.835688848705976"
"4.2"	"0.02"	"2.713148516557448"
"4.24"	"0.02"	"2.6524334335682465"
"4.28"	"0.02"	"2.59213537180921"
"4.3"	"0.02"	"1.8019663870694176"
"4.32"	"0.02"	"2.5319698743507706"
"4.359999999999999"	"0.02"	"2.471609584673933"
"4.4"	"0.02"	"1.7682836717147827"
"4.4"	"0.02"	"2.410655972455121"
"4.4399999999999995"	"0.02"	"2.3485907687997845"
"4.48"	"0.02"	"2.284617301363965"
"4.5"	"0.02"	"1.735021722838404"
"4.5"	"0.02"	"2.271828672878187"
"4.52"	"0.02"	"2.2176479654243737"
"4.546370614360135"	"0.019999963267969"	"1.7213046128682175"
"4.546376004705733"	"0.0202321555370314"	"1.7213033226067926"
"4.546376280815768"	"0.0202380263231321"	"1.7213032571041493"
"4.546387606652255"	"0.0204121295161025"	"1.7213005781422708"
"4.546393979043208"	"0.0204832290916044"	"1.721299073805299"
"4.546467214275484"	"0.0209816650492521"	"1.7212818336720055"
"4.546494812660736"	"0.0211127114194098"	"1.7212753502094906"
"4.546495004100682"	"0.0211135659858853"	"1.7212753053106802"
"4.546498013106299"	"0.0211269116437637"	"1.7212745987939497"
"4.5465332162418735"	"0.021272560008698"	"1.7212663377650665"
"4.546535702333654"	"0.0212822114594629"	"1.7212657546885768"
"4.546539793338341"	"0.0212979346677414"	"1.721264795274604"
"4.5466339471285755"	"0.0216174027479263"	"1.7212427448935124"
"4.546720831423109"	"0.0218631982270445"	"1.7212224460460375"
"4.546776733222183"	"0.0220049826655782"	"1.7212094097760855"
"4.5467943685878405"	"0.022047596241206"	"1.7212053010907007"
"4.5468207268639835"	"0.0221096148281789"	"1.7211991636380901"
"4.546945864036617"	"0.0223811276149255"	"1.7211700818748152"
"4.546950981601229"	"0.0223915404823265"	"1.7211688945282724"
"4.546979682320551"	"0.022449068937445"	"1.72116223839453"
"4.54756981448566"	"0.0234106423179873"	"1.7210264599179714"
"4.547603708136852"	"0.0234569940270257"	"1.721018724737121"
"4.547816999553414"	"0.0237337440193736"	"1.7209702068189046"
"4.5480636164033745"	"0.0240265936539496"	"1.720914454200174"
"4.548335624476497"	"0.0243225900771969"	"1.72085339767247"
"4.548447405084565"	"0.024437301242562"	"1.7208284411511614"
"4.54852706791528"	"0.024516853171044"	"1.720810703503859"
"4.548568175958322"	"0.0245572246750206"	"1.7208015661712581"
"4.5486180987735665"	"0.0246056538719663"	"1.7207904840692847"
"4.549755892547154"	"0.0255666646001382"	"1.720542327830362"
"4.549786913122441"	"0.025589741793307"	"1.7205356837197119"
"4.550284419666901"	"0.0259421027485165"	"1.7204300383861124"
"4.550311542221751"	"0.0259604152971605"	"1.7204243289200138"
"4.550622745729462"	"0.0261645079608046"	"1.7203591948173664"
"4.5508422797165275"	"0.0263021984894224"	"1.720313668368889"
"4.550871485730144"	"0.0263201465907677"	"1.720307638314436"
"4.550891187805263"	"0.0263322064388428"	"1.7203035740449715"
"4.550905315289865"	"0.0263408304793468"	"1.72030066147207"
"4.550928408994757"	"0.0263548857868898"	"1.7202959036162793"
"4.550959353378783"	"0.0263736377950274"	"1.7202895344454854"
"4.551080164825767"	"0.0264459706996128"	"1.720264736405273"
"4.551432580300343"	"0.0266493446750885"	"1.720193024170018"
"4.551634376013277"	"0.0267609777286381"	"1.7201523866323392"
"4.552251978229647"	"0.027082798066772"	"1.7200299875593617"
"4.55236175891064"	"0.0271370856972393"	"1.720008548371481"
"4.552387350267314"	"0.027149621061885"	"1.7200035645966265"
"4.552394797475788"	"0.0271532604876897"	"1.7200021152856664"
"4.552710582459205"	"0.0273041688176898"	"1.719941077118678"
"4.553005565899124"	"0.027439346067337"	"1.7198848051589892"
"4.5532304032717645"	"0.0275388137753331"	"1.719842406701293"
"4.553245216285697"	"0.0275452621788624"	"1.7198396284584208"
"4.553467774459718"	"0.0276406269786531"	"1.7197981142321774"
"4.553620581160551"	"0.0277044898178425"	"1.7197698596431872"
"4.55412248597996"	"0.0279054309051762"	"1.719678507406802"
"4.554127062600621"	"0.0279072030503111"	"1.7196776847807822"
"4.554444660958024"	"0.0280276340763311"	"1.719621065586145"
"4.5547209408165115"	"0.0281284239913118"	"1.7195725699027817"
"4.554947912046997"	"0.0282085606513645"	"1.7195332660403726"
"4.555274984432683"	"0.0283199608850646"	"1.719477494206874"
"4.555310681866182"	"0.0283318349304366"	"1.7194714698119187"
"4.555322979856268"	"0.0283359128455129"	"1.7194693972705748"
"4.557136630421774"	"0.0288703655593862"	"1.7191805480673237"
"4.5575569315095645"	"0.0289766223410025"	"1.7191186015651434"
"4.557567493747046"	"0.0289792130428252"	"1.7191170701366465"
"4.557590124120144"	"0.0289847508472382"	"1.7191137932332117"
"4.55798435934482"	"0.02907841845836"	"1.7190576393659938"
"4.5581261591032325"	"0.0291108308830637"	"1.7190378776380077"
"4.55836"	"0.0291637"	"1.7190058636269647"
"4.55836389036725"	"0.0291636833601985"	"1.719005272191251"
"4.558871514199937"	"0.0292704300977534"	"1.718937894767051"
"4.558882157699449"	"0.0292725807740219"	"1.7189365152695633"
"4.559086603776766"	"0.0293132055413715"	"1.7189102859644234"
"4.559885772924852"	"0.0294597414282973"	"1.718812760839266"
"4.5600000000000005"	"0.02"	"2.1455324295331444"
"4.560008264364777"	"0.0294805129415328"	"1.7187985331605349"
"4.560064375150747"	"0.0294898807557797"	"1.718792080987095"
"4.560668551359892"	"0.0295849684081743"	"1.7187252424901667"
"4.5607819317194265"	"0.0296016486389441"	"1.718713245319881"
"4.561611657635457"	"0.0297127793511168"	"1.7186308601771034"
"4.563586904307791"	"0.0299026632572408"	"1.7184752664157665"
"4.564192713980898"	"0.0299405325553853"	"1.71843697817258"
"4.564586773130017"	"0.0299601444576147"	"1.7184180902255046"
"4.564906890648582"	"0.0299731829535088"	"1.7184044996083188"
"4.565527818571518"	"0.0299911172455701"	"1.7183827681012414"
"4.566022458120869"	"0.0299984900690335"	"1.718369987291195"
"4.566370540895898"	"0.0299999999999325"	"1.7183639224300986"
"4.56637061436"	"0.02"	"1.7183647732325884"
"4.567210870870817"	"0.0299911577930014"	"1.718356684634132"
"4.568588160178668"	"0.02993830676501"	"1.7183745369194137"
"4.569363752870701"	"0.0298873333582566"	"1.7184035015063626"
"4.570584341229514"	"0.0297754709349629"	"1.7184728343861106"
"4.571571561027937"	"0.0296558759684537"	"1.7185530177052266"
"4.575414788966739"	"0.0289191213928673"	"1.7190853926854697"
"4.57562894272743"	"0.0288638589165521"	"1.7191258991156677"
"4.575793135446045"	"0.0288204948609119"	"1.719157760176481"
"4.577488007048667"	"0.0283124893874488"	"1.7195281296046039"
"4.577718704454072"	"0.0282341803965868"	"1.719584485341457"
"4.57938073814648"	"0.0275947464224247"	"1.720033713660687"
"4.579468408494961"	"0.0275569784785179"	"1.7200595486519177"
"4.580506693630289"	"0.0270737877619307"	"1.7203807444911732"
"4.581839605186147"	"0.0263382039132695"	"1.7208374224823868"
"4.5818555983706055"	"0.0263284327266768"	"1.7208432047712954"
"4.583080626719948"	"0.0254944279644603"	"1.7213075398408888"
"4.583082826381841"	"0.0254927550994564"	"1.7213084116799715"
"4.58357659103958"	"0.0250973822888971"	"1.7215075800247277"
"4.5836386350247755"	"0.025045182412978"	"1.721533093937901"
"4.583823428100388"	"0.0248830791398615"	"1.7216097297145891"
"4.584253007095595"	"0.024478281758944"	"1.7217916118453966"
"4.584749361276668"	"0.0239440354262194"	"1.7220082615243975"
"4.584916466372628"	"0.0237426122257375"	"1.7220827658722433"
"4.585583973604795"	"0.0227759331005201"	"1.7223882361418106"
"4.585629467065374"	"0.0226959658917429"	"1.7224095122886114"
"4.5861769997467485"	"0.0213880830226976"	"1.722670134439717"
"4.5863502119380355"	"0.0204515751930073"	"1.722754305717797"
"4.586353951858526"	"0.0204081122455904"	"1.7227561308924595"
"4.586367888911402"	"0.020165083702894"	"1.722762930441501"
"4.6"	"0.02"	"1.7319776841567176"
"4.6"	"0.02"	"2.089405156384975"
"4.6"	"0.02"	"2.0894029995043795"
"4.6"	"0.02"	"2.0894035526947885"
"4.6"	"0.02"	"2.0633583799238235"
"4.64"	"0.02"	"1.6904562649459143"
"4.68"	"0.02"	"1.6744387132089305"
"4.7"	"0.02"	"1.6673566739910455"
"4.7"	"0.02"	"1.6673566739910455"
"4.72"	"0.02"	"1.6604139887166056"
"4.76"	"0.02"	"1.6466873414362366"
"4.8"	"0.02"	"1.6330696996246719"
"4.8"	"0.02"	"1.633066157688651"
"4.84"	"0.02"	"1.6194801100062315"
"4.88"	"0.02"	"1.605911052510221"
"4.9"	"0.02"	"1.5991274756598615"
"4.92"	"0.02"	"1.592351061275473"
"4.96"	"0.02"	"1.5787962688002861"
"5"	"0.02"	"1.5652438991064734"
"5"	"0.02"	"1.5652446401714744"
"5"	"0.04"	"1.5652422196826006"
"5"	"0.06"	"1.5652258317409933"
"5"	"0.08"	"1.5651326338393678"
"5"	"0.1"	"1.5649742970643814"
"5"	"0.12"	"1.5646853225893764"
"5"	"0.14"	"1.5642047306226456"
"5"	"0.16"	"1.563457066248965"
"5"	"0.18"	"1.5623507708354798"
"5"	"0.2"	"1.5607764624073357"
"5"	"0.2199999999999999"	"1.5586053821276722"
"5"	"0.24"	"1.5556884704615284"
"5"	"0.26"	"1.551856853259641"
"5"	"0.28"	"1.546924893352978"
"5"	"0.3"	"1.5406972292893584"
"5"	"0.32"	"1.5329855335427922"
"5"	"0.34"	"1.5236084933495224"
"5"	"0.36"	"1.5124344098758673"
"5"	"0.3799999999999999"	"1.499385398261555"
"5"	"0.4"	"1.48445010259932"
"5"	"0.4199999999999999"	"1.467681164115553"
"5"	"0.4399999999999999"	"1.4491811461579602"
"5"	"0.46"	"1.4290822072415388"
"5"	"0.4799999999999999"	"1.4075243256098142"
"5"	"0.4999999999999999"	"1.384641687133351"
"5"	"0.5199999999999999"	"1.360550611906726"
"5"	"0.5399999999999999"	"1.3353466737574564"
"5"	"0.5599999999999999"	"1.3091044917486743"
"5"	"0.58"	"1.28188027579876"
"5"	"0.6"	"1.2537157565118204"
"5"	"0.6199999999999999"	"1.2246427830735005"
"5"	"0.6399999999999999"	"1.1946881608636852"
"5"	"0.6599999999999999"	"1.1638784398430992"
"5"	"0.6799999999999999"	"1.1322444050392617"
"5"	"0.7"	"1.0998250184876137"
"5.04"	"0.02"	"1.551695052227716"
"5.08"	"0.02"	"1.5381468703440069"
"5.1"	"0.02"	"1.5313723408654925"
"5.1"	"0.02"	"1.5313731241920343"
"5.12"	"0.02"	"1.5245997376151896"
"5.16"	"0.02"	"1.5110534625765628"
"5.2"	"0.02"	"1.4975078524033583"
"5.2"	"0.02"	"1.4975081807436217"
"5.2"	"0.02"	"1.4975079562047893"
"5.24"	"0.02"	"1.483963194893028"
"5.28"	"0.02"	"1.470419197786101"
"5.3"	"0.02"	"1.4636477086583257"
"5.3"	"0.02"	"1.4636478694931228"
"5.32"	"0.02"	"1.4568760124603886"
"5.36"	"0.02"	"1.44333370577767"
"5.4"	"0.02"	"1.4297927221065558"
"5.4"	"0.02"	"1.429792810931772"
"5.4"	"0.02"	"1.4297923575228095"
"5.4399999999999995"	"0.02"	"1.4162520563151504"
"5.48"	"0.02"	"1.4027128966953453"
"5.5"	"0.02"	"1.3959442291134145"
"5.5"	"0.02"	"1.395944283291795"
"5.52"	"0.02"	"1.3891749769728352"
"5.56"	"0.02"	"1.3756383978481508"
"5.6"	"0.02"	"1.3621037717746765"
"5.6"	"0.02"	"1.3621038078182033"
"5.6"	"0.02"	"1.3621032612557258"
"5.64"	"0.02"	"1.3485696696839478"
"5.68"	"0.02"	"1.335037725513493"
"5.7"	"0.02"	"1.3282729539310307"
"5.7"	"0.02"	"1.3282729798376587"
"5.72"	"0.02"	"1.3215075306074509"
"5.76"	"0.02"	"1.307979186003842"
"5.8"	"0.02"	"1.2944533736321775"
"5.8"	"0.02"	"1.2944533935520823"
"5.8"	"0.02"	"1.294452791673327"
"5.84"	"0.02"	"1.2809284463409636"
"5.88"	"0.02"	"1.2674062473243057"
"5.9"	"0.02"	"1.2606465902365493"
"5.9"	"0.02"	"1.2606465278520416"
"5.92"	"0.02"	"1.2538862904675092"
"5.96"	"0.02"	"1.240368670022597"
"6"	"0.02"	"1.22685335682963"
"6"	"0.02"	"1.2268533590481732"
"6"	"0.04"	"1.226845576638271"
"6"	"0.06"	"1.2268349474293396"
"6"	"0.08"	"1.2267405117467067"
"6"	"0.1"	"1.2265826678102671"
"6"	"0.12"	"1.2262955337013013"
"6"	"0.14"	"1.225819366716622"
"6"	"0.16"	"1.2250806653555086"
"6"	"0.18"	"1.223990788534392"
"6"	"0.2"	"1.2224444746038348"
"6"	"0.2199999999999999"	"1.220318383583586"
"6"	"0.24"	"1.2174698696104105"
"6"	"0.26"	"1.213736311018604"
"6"	"0.28"	"1.2089354842945896"
"6"	"0.3"	"1.202867648837481"
"6"	"0.32"	"1.1953201612812927"
"6"	"0.34"	"1.1860754517490832"
"6"	"0.36"	"1.1749229023026089"
"6"	"0.3799999999999999"	"1.1616671449365104"
"6"	"0.4"	"1.1461670430209845"
"6"	"0.4199999999999999"	"1.128326363213905"
"6"	"0.4399999999999999"	"1.1081210452927266"
"6"	"0.46"	"1.0856004981898408"
"6"	"0.4799999999999999"	"1.060882786073586"
"6"	"0.4999999999999999"	"1.034141725277694"
"6"	"0.5199999999999999"	"1.0055893230516282"
"6"	"0.5399999999999999"	"0.975457615138684"
"6"	"0.5599999999999999"	"0.9439830720803606"
"6"	"0.58"	"0.911395149622745"
"6"	"0.6"	"0.877909112498859"
"6"	"0.6199999999999999"	"0.8437223919523262"
"6"	"0.6399999999999999"	"0.809013443506863"
"6"	"0.6599999999999999"	"0.7739421450594124"
"6"	"0.6799999999999999"	"0.7386510032102307"
"6"	"0.7"	"0.703266680734445"
"6.546370614360135"	"0.019999963267969"	"1.0425337866331912"
"6.546398989784891"	"0.0205324969086568"	"1.0425241526998557"
"6.546403605057803"	"0.0205741383818276"	"1.042522591956335"
"6.546443626204618"	"0.0208536895008216"	"1.0425090704391122"
"6.546525057444648"	"0.0212403498215754"	"1.0424815836821013"
"6.546557851648954"	"0.0213651404466013"	"1.0424705185282876"
"6.546611043862738"	"0.0215459118477234"	"1.0424525737509542"
"6.546628225320321"	"0.0215998496027704"	"1.0424467781883582"
"6.546746215280046"	"0.021928922027369"	"1.042406983572473"
"6.546867056024463"	"0.0222142274190059"	"1.0423662348836418"
"6.546949515637278"	"0.0223885625594856"	"1.042338431461273"
"6.54712053329495"	"0.0227126729893688"	"1.0422807737753113"
"6.5471440494627196"	"0.0227540516630344"	"1.042272845851259"
"6.547329724688757"	"0.0230595964001627"	"1.0422102530054334"
"6.5473785549075325"	"0.023134552510086"	"1.0421937927023137"
"6.547559094720176"	"0.0233958330657046"	"1.0421329361441867"
"6.547850141585913"	"0.0237746552234702"	"1.0420348359275078"
"6.548091649814694"	"0.024058307995687"	"1.0419534376793047"
"6.548092713336702"	"0.0240595053326278"	"1.0419530792337248"
"6.548154135477958"	"0.0241279503733726"	"1.0419323779930587"
"6.548223534108976"	"0.0242036733449115"	"1.0419089886861124"
"6.548306989360469"	"0.0242925939674142"	"1.0418808621579458"
"6.548524957663014"	"0.0245147684617631"	"1.0418074029565618"
"6.5490130109056945"	"0.0249677359612571"	"1.0416429272407752"
"6.549058397105187"	"0.025007173197577"	"1.0416276323625113"
"6.549150026200555"	"0.0250855516771235"	"1.0415967541555338"
"6.549278117655902"	"0.0251924598318233"	"1.0415535887499492"
"6.549437108209741"	"0.0253210987929924"	"1.041500011437516"
"6.549447822863747"	"0.0253296136814575"	"1.0414964007927932"
"6.549714928155446"	"0.0255359759088936"	"1.0414063921853547"
"6.5498458020357875"	"0.0256331735649086"	"1.0413622912123368"
"6.550073745008048"	"0.025796810530917"	"1.041285481637586"
"6.550235112354629"	"0.0259085864433611"	"1.0412311066721642"
"6.550518956478799"	"0.0260976418068245"	"1.0411354628460643"
"6.550793098726592"	"0.0262717821767607"	"1.0410430896786727"
"6.5511170983429245"	"0.0264678096972006"	"1.0409339188928266"
"6.5511891805023605"	"0.0265100703918259"	"1.0409096312421324"
"6.5512984111628025"	"0.026573216312856"	"1.0408728268797733"
"6.551369995511219"	"0.0266140274068372"	"1.0408487072197028"
"6.551751392819469"	"0.0268241915555776"	"1.0407202006719927"
"6.551769093834304"	"0.02683365931141"	"1.0407142365990394"
"6.551796671119688"	"0.0268483607240743"	"1.0407049448883976"
"6.551888104827318"	"0.0268966824929774"	"1.0406741380077444"
"6.551950180752686"	"0.0269291250273221"	"1.0406532227783494"
"6.552254593911286"	"0.0270841013313526"	"1.0405506576779135"
"6.552260667656236"	"0.0270871257223385"	"1.0405486113125404"
"6.552264186349473"	"0.0270888766526125"	"1.040547425791912"
"6.552474671489436"	"0.0271920576286973"	"1.0404765084941818"
"6.552493262643177"	"0.0272010261304825"	"1.0404702447351672"
"6.5531343956346495"	"0.0274967078416908"	"1.0402542367673018"
"6.553217852417927"	"0.0275333401173577"	"1.0402261192966469"
"6.553274247416968"	"0.0275578630063903"	"1.040207119282921"
"6.553558387891712"	"0.027678653087054"	"1.0401113903116341"
"6.5535671112766085"	"0.0276822898408217"	"1.040108451351856"
"6.553929281166797"	"0.0278296428458725"	"1.0399864354174202"
"6.553950124797555"	"0.0278379116961916"	"1.03997941322298"
"6.554022214728459"	"0.0278663369261008"	"1.0399551261585196"
"6.554031472478534"	"0.0278699678784134"	"1.0399520072693003"
"6.554263452013426"	"0.0279595323341528"	"1.03987385407858"
"6.554603172913061"	"0.0280859031931017"	"1.039759404479247"
"6.5549443016802265"	"0.028207304346496"	"1.0396444821981574"
"6.555770735818437"	"0.0284800143706262"	"1.0393660723930624"
"6.55599537934959"	"0.0285491885357436"	"1.039290395831129"
"6.555998767322505"	"0.0285502162111667"	"1.0392892545217673"
"6.556326391722338"	"0.0286474503699802"	"1.0391788875398458"
"6.556669278517173"	"0.0287447710499572"	"1.0390633806003056"
"6.556722061821775"	"0.0287593583371886"	"1.0390455997669266"
"6.557203981058138"	"0.028887812356103"	"1.038883260258932"
"6.557651305803414"	"0.0289996341355501"	"1.0387325768058058"
"6.5577078983735735"	"0.0290132867442807"	"1.0387135134827248"
"6.557852155894584"	"0.0290475945059029"	"1.0386649202795613"
"6.557895878251729"	"0.0290578536074389"	"1.038650192446895"
"6.558324615739116"	"0.0291550792759094"	"1.0385057737414227"
"6.5584525806914575"	"0.0291829290374017"	"1.0384626696226231"
"6.558908749971307"	"0.029277938615942"	"1.0383090137307098"
"6.559827982520035"	"0.0294497879421535"	"1.0379993873136337"
"6.5602986143540045"	"0.029527995800891"	"1.0378408675677342"
"6.561152950713986"	"0.0296537037720899"	"1.0375531138859158"
"6.561347167495384"	"0.0296794238154755"	"1.0374876998467002"
"6.561761514848945"	"0.0297308298939145"	"1.037348145290394"
"6.56209547210838"	"0.0297688683931203"	"1.0372356679748096"
"6.562103239033685"	"0.0297697173426915"	"1.0372330520696753"
"6.562722573396869"	"0.0298322402982651"	"1.0370244628577874"
"6.5629338401192685"	"0.0298512509715548"	"1.0369533101300208"
"6.563211546968735"	"0.0298744657224764"	"1.0368597817246803"
"6.56331721535795"	"0.029882772315174"	"1.0368241940548177"
"6.563751762067719"	"0.0299138994935295"	"1.036677846200413"
"6.564083962798958"	"0.0299344253059548"	"1.0365659681090524"
"6.564295957490563"	"0.0299460519664098"	"1.0364945735338171"
"6.564614337109026"	"0.0299613690100521"	"1.0363873520918583"
"6.564972410696908"	"0.0299755328995061"	"1.0362667642362346"
"6.565133010950604"	"0.0299808358592987"	"1.0362126796329045"
"6.565320188003034"	"0.0299861980311402"	"1.0361496452353043"
"6.565346641048926"	"0.0299868848829128"	"1.0361407368740676"
"6.565462141798246"	"0.0299896781430202"	"1.0361018406857618"
"6.565617263052602"	"0.0299929032544056"	"1.03604960203853"
"6.56562"	"0.0299929"	"1.0360486803340407"
"6.566220871380234"	"0.029999719709072"	"1.0358346388011954"
"6.566370540895898"	"0.0299999999999325"	"1.0357976829440405"
"6.56637061436"	"0.02"	"1.0358029874691934"
"6.566783115126619"	"0.0299978664710547"	"1.0356569987617372"
"6.5673741108455514"	"0.0299873890658401"	"1.0354579855764263"
"6.569026739306638"	"0.029911379019296"	"1.0349014972087254"
"6.570640413605929"	"0.0297693854417038"	"1.0343581561991835"
"6.571110055259735"	"0.029715089759424"	"1.0342000286145656"
"6.5726178320145285"	"0.0294995341348699"	"1.0336923800135125"
"6.574331691769467"	"0.0291734871255155"	"1.033115378537505"
"6.575649207109825"	"0.0288585596376186"	"1.0326718374441484"
"6.576315192749795"	"0.0286760178245757"	"1.0324476417162858"
"6.5771429799333685"	"0.0284253027149658"	"1.0321689853493297"
"6.577170886481915"	"0.0284163657715904"	"1.032159591376569"
"6.578274765260541"	"0.0280354925812208"	"1.031788008953249"
"6.579360828083272"	"0.0276032622227383"	"1.0314224398584413"
"6.579882505308975"	"0.0273724521069137"	"1.0312468491209277"
"6.580086038310905"	"0.0272778824711206"	"1.031178343265407"
"6.580474692299147"	"0.0270897400366021"	"1.0310475305949054"
"6.580508549145595"	"0.0270728605962795"	"1.0310361352132178"
"6.580966514859192"	"0.0268363322396846"	"1.030881996998815"
"6.582337690993273"	"0.0260214791443494"	"1.030420520587283"
"6.582353270882294"	"0.0260111365793671"	"1.0304152773174073"
"6.582405265490724"	"0.0259764174185292"	"1.0303977789977692"
"6.582991872954631"	"0.0255613249203786"	"1.0302003658747396"
"6.583214766190546"	"0.0253910539782552"	"1.0301253570875852"
"6.583660170127"	"0.0250261818754255"	"1.029975472343705"
"6.583767829915536"	"0.0249324313028684"	"1.0299392441959907"
"6.5842358346755825"	"0.0244953838288765"	"1.0297817626529313"
"6.584824867598563"	"0.0238541491252773"	"1.0295835698005176"
"6.585123003209457"	"0.0234758046056313"	"1.029483263653555"
"6.585411427946658"	"0.0230587588067799"	"1.0293862319930955"
"6.585750735899431"	"0.0224691636234008"	"1.029272096487857"
"6.585884375597306"	"0.0221902708192859"	"1.0292271497386203"
"6.586190602382087"	"0.0213363870333114"	"1.0291241874155208"
"6.586250249229441"	"0.0210926676730958"	"1.0291041431982153"
"6.586302223080712"	"0.0208225696111468"	"1.0290866857343186"
"6.586343743862014"	"0.0205122392347974"	"1.0290727526037573"
"6.586344178274117"	"0.0205079867797981"	"1.0290726069847818"
"6.586353970460277"	"0.0204002888465717"	"1.029069325849175"
"6.586366573899662"	"0.0201850893536737"	"1.0290651136254247"
"7"	"0.02"	"0.8900003325834716"
"7"	"0.04"	"0.8900109850734639"
"7"	"0.06"	"0.8899827898195563"
"7"	"0.08"	"0.8898895782551719"
"7"	"0.1"	"0.8897360004159305"
"7"	"0.12"	"0.8894574948987248"
"7"	"0.14"	"0.888996851652295"
"7"	"0.16"	"0.888284029975623"
"7"	"0.18"	"0.8872350383233965"
"7"	"0.2"	"0.885750760026474"
"7"	"0.2199999999999999"	"0.8837158313810889"
"7"	"0.24"	"0.880997734969462"
"7"	"0.26"	"0.8774463507963755"
"7"	"0.28"	"0.8728943049120463"
"7"	"0.3"	"0.8671585636652974"
"7"	"0.32"	"0.8600438129030925"
"7"	"0.34"	"0.8513481861701107"
"7"	"0.36"	"0.8408717851681278"
"7"	"0.3799999999999999"	"0.8284280781988183"
"7"	"0.4"	"0.8138454904627164"
"7"	"0.4199999999999999"	"0.7970211105831786"
"7"	"0.4399999999999999"	"0.7778838149411618"
"7"	"0.46"	"0.7564328980015289"
"7"	"0.4799999999999999"	"0.732734675421872"
"7"	"0.4999999999999999"	"0.7069184690500663"
"7"	"0.5199999999999999"	"0.6791661718574371"
"7"	"0.5399999999999999"	"0.6496976034968514"
"7"	"0.5599999999999999"	"0.6187545068963418"
"7"	"0.58"	"0.5865857358765743"
"7"	"0.6"	"0.5534352761058967"
"7"	"0.6199999999999999"	"0.5195337165602716"
"7"	"0.6399999999999999"	"0.4850929979431209"
"7"	"0.6599999999999999"	"0.450303831227437"
"7"	"0.6799999999999999"	"0.4153350521621895"
"7"	"0.7"	"0.3803342392121527"
"8"	"0.02"	"0.5557805799906865"
"8"	"0.04"	"0.5557788644950872"
"8"	"0.06"	"0.5557640235763932"
"8"	"0.08"	"0.5556735950040643"
"8"	"0.1"	"0.5555265444323947"
"8"	"0.12"	"0.5552606778864475"
"8"	"0.14"	"0.5548220160290662"
"8"	"0.16"	"0.5541447464414877"
"8"	"0.18"	"0.553150320888117"
"8"	"0.2"	"0.5517465322551445"
"8"	"0.2199999999999999"	"0.5498266642339296"
"8"	"0.24"	"0.5472688493559557"
"8"	"0.26"	"0.5439358273586761"
"8"	"0.28"	"0.5396753620778867"
"8"	"0.3"	"0.5343216447753569"
"8"	"0.32"	"0.5276980673566758"
"8"	"0.34"	"0.5196217611764435"
"8"	"0.36"	"0.5099102209960353"
"8"	"0.3799999999999999"	"0.4983901195383913"
"8"	"0.4"	"0.4848983056411429"
"8"	"0.4199999999999999"	"0.4693255947930841"
"8"	"0.4399999999999999"	"0.4515867674158693"
"8"	"0.46"	"0.4316544431379441"
"8"	"0.4799999999999999"	"0.4095590949550578"
"8"	"0.4999999999999999"	"0.3853893707874638"
"8"	"0.5199999999999999"	"0.3592869337523297"
"8"	"0.5399999999999999"	"0.3314366795148835"
"8"	"0.5599999999999999"	"0.3020540719784579"
"8"	"0.58"	"0.2713716678045439"
"8"	"0.6"	"0.2396266531303337"
"8"	"0.6199999999999999"	"0.2070506022279335"
"8"	"0.6399999999999999"	"0.1738619708634181"
"8"	"0.6599999999999999"	"0.1402612712922973"
"8"	"0.6799999999999999"	"0.1064285308341946"
"8"	"0.7"	"0.0725224976635248"
"8.546370614360136"	"0.019999963267969"	"0.3745238614693935"
"8.546371682010456"	"0.0201033257933956"	"0.3745234930411132"
"8.546372185187613"	"0.0201253302008546"	"0.3745233233223457"
"8.54637735004088"	"0.0202595100507555"	"0.3745215945525171"
"8.546405168786402"	"0.0205875761754186"	"0.3745123413819096"
"8.546406489241232"	"0.020598687782183"	"0.3745119027929276"
"8.546457415634276"	"0.0209306605865954"	"0.3744950028323295"
"8.546533227471265"	"0.0212726037704847"	"0.3744698669617121"
"8.546540122450049"	"0.0212991911531164"	"0.3744675815503187"
"8.546576644017204"	"0.02143167193069"	"0.3744554773253279"
"8.546583449710877"	"0.0214550013014163"	"0.3744532219319407"
"8.546690026484514"	"0.0217800604536971"	"0.3744179086362016"
"8.546719571570566"	"0.021859873469341"	"0.3744081206284942"
"8.546748692980325"	"0.0219352132550327"	"0.3743984734265333"
"8.546786632655056"	"0.0220290182712603"	"0.3743859056504375"
"8.54683562859874"	"0.0221438476687611"	"0.3743696763856184"
"8.547195715513366"	"0.0228426771809926"	"0.374250423420134"
"8.54731560808244"	"0.0230375457100328"	"0.3742107232108611"
"8.547434118682693"	"0.0232174963660957"	"0.374171482546144"
"8.547495219488848"	"0.0233060349536137"	"0.3741512518182368"
"8.547507978110504"	"0.0233241898907556"	"0.3741470274177603"
"8.547849777033274"	"0.0237742080201335"	"0.374033863131547"
"8.547863379377082"	"0.0237908525850737"	"0.3740293597875031"
"8.54801796010014"	"0.0239742949569087"	"0.3739781836687506"
"8.548355016215435"	"0.0243427590162689"	"0.3738666014720229"
"8.548451528378775"	"0.0244414625293217"	"0.3738346523302938"
"8.54849234956556"	"0.024482400248189"	"0.3738211390737392"
"8.548894286415218"	"0.0248625600656037"	"0.3736880879389108"
"8.549088835811606"	"0.0250333917541812"	"0.3736236895092588"
"8.54931"	"0.025219"	"0.3735504466717212"
"8.549310423595163"	"0.0252189532252009"	"0.3735503425966571"
"8.549373342596569"	"0.0252700273386401"	"0.373529516323738"
"8.54950852613488"	"0.0253774989699738"	"0.3734847707907845"
"8.549561135417637"	"0.0254185195784053"	"0.3734673573468217"
"8.54965246950937"	"0.025488707333092"	"0.373437126304053"
"8.549837364068328"	"0.025626980424546"	"0.3733759281719546"
"8.55032926207586"	"0.0259723323939659"	"0.3732131193176897"
"8.55036050993104"	"0.025993257798847"	"0.3732027771086051"
"8.550672526366183"	"0.0261961688432931"	"0.373099508880788"
"8.550810586772931"	"0.0262826256750187"	"0.373053815677487"
"8.551256002142889"	"0.0265488261834921"	"0.3729064013748085"
"8.55154524783395"	"0.0267120881134017"	"0.3728106749498687"
"8.551559368503229"	"0.0267198771597822"	"0.3728060017629118"
"8.55165433443688"	"0.02677183699642"	"0.3727745729631993"
"8.55169895920267"	"0.0267960013048918"	"0.3727598045964964"
"8.551830887528512"	"0.0268665191994502"	"0.372716143569205"
"8.551895272421042"	"0.0269004433870267"	"0.3726948358554769"
"8.552806676471379"	"0.0273488024356628"	"0.3723932209546303"
"8.55321538430836"	"0.0275322626462504"	"0.3722579701055753"
"8.553741973998463"	"0.0277543123908403"	"0.3720837133490265"
"8.554050195631486"	"0.0278772977973746"	"0.3719817200328359"
"8.554088453240862"	"0.0278922195585832"	"0.3719690603640506"
"8.554276773364393"	"0.0279645936803609"	"0.3719067443632702"
"8.554502743130483"	"0.0280491246803549"	"0.3718319706028703"
"8.554534118174827"	"0.0280606661954576"	"0.3718215886069607"
"8.5546358322502"	"0.0280977603205381"	"0.371787931571296"
"8.555187208786263"	"0.0282905283271531"	"0.3716054844680676"
"8.555391220094803"	"0.0283584224224631"	"0.3715379795096592"
"8.55567243256964"	"0.0284490961998965"	"0.3714449305761769"
"8.555789626907737"	"0.0284859104481348"	"0.3714061530547408"
"8.555854118206476"	"0.0285059289418163"	"0.3713848141716838"
"8.556335122967745"	"0.0286499842848986"	"0.3712256607757234"
"8.556474848277716"	"0.0286901354081038"	"0.371179429534084"
"8.557014003007472"	"0.0288381817134202"	"0.3710010405349431"
"8.557389104633808"	"0.0289349382068135"	"0.3708769337933142"
"8.557990650688865"	"0.0290798707159086"	"0.3706779092758765"
"8.55833527089424"	"0.0291574185143423"	"0.3705638920900283"
"8.558429325451415"	"0.0291779073114516"	"0.3705327745530167"
"8.558520055290625"	"0.0291974007510035"	"0.3705027571009039"
"8.558541849433388"	"0.0292020437909716"	"0.3704955466414468"
"8.558640580050724"	"0.0292228868796248"	"0.3704628823000031"
"8.558752904316623"	"0.0292462221162894"	"0.370425720770482"
"8.558797447033994"	"0.0292553651555776"	"0.3704109842082701"
"8.558853527504008"	"0.0292667875393722"	"0.3703924305657713"
"8.559073563618144"	"0.0293106531788963"	"0.370319634250563"
"8.559138574098846"	"0.0293233255019471"	"0.3702981264279313"
"8.559530647856928"	"0.0293970056166424"	"0.3701684153683407"
"8.559532054460432"	"0.0293972615492494"	"0.3701679500564938"
"8.56000893459641"	"0.0294806253826624"	"0.3700101849616058"
"8.56061914727302"	"0.0295775861565869"	"0.3698083141305051"
"8.560833930291336"	"0.0296091769877004"	"0.3697372606619185"
"8.561019923030033"	"0.0296354826331042"	"0.3696757319464661"
"8.561233539102215"	"0.0296645028040226"	"0.3696050656029271"
"8.561704207079739"	"0.0297239992170753"	"0.3694493660235167"
"8.562284734411866"	"0.0297890957836953"	"0.3692573282760656"
"8.562530346648904"	"0.0298139230676004"	"0.3691760812836145"
"8.562684486295826"	"0.0298286883648647"	"0.3691250932893264"
"8.563263950662988"	"0.0298786213698276"	"0.3689334144035659"
"8.563319960959857"	"0.0298829842890723"	"0.3689148871836601"
"8.563928168074709"	"0.0299251505800097"	"0.3687137056072696"
"8.563985539954182"	"0.0299286381251246"	"0.3686947285412376"
"8.564439408620089"	"0.0299532713766648"	"0.3685446021331278"
"8.564655051911373"	"0.0299631426453311"	"0.3684732745795722"
"8.564677600992763"	"0.0299641069060197"	"0.3684658161407599"
"8.565071891271126"	"0.0299788942065044"	"0.3683353998258907"
"8.565786013714517"	"0.0299957271131882"	"0.3680992000960615"
"8.566194594880145"	"0.0299996127067841"	"0.367951130429808"
"8.566281614437171"	"0.0299999009871815"	"0.3679296768142697"
"8.566370418306715"	"0.0299999999978127"	"0.3679077833340392"
"8.566370540895898"	"0.0299999999999325"	"0.3679077530918127"
"8.56637061436"	"0.02"	"0.3679082487374257"
"8.56642746663459"	"0.0299999587197387"	"0.3678937187575562"
"8.567776144649567"	"0.029975253846701"	"0.3674409880275573"
"8.571557258614593"	"0.0296577992843262"	"0.3661905681814202"
"8.5731847841542"	"0.029401578550058"	"0.3656523995365277"
"8.573577985619803"	"0.0293279813371478"	"0.365522386025896"
"8.574001871710987"	"0.0292433020910689"	"0.3653822288310691"
"8.574140495982292"	"0.0292143826731527"	"0.3653363934369507"
"8.57537204674797"	"0.0289297697947277"	"0.3649291991182118"
"8.575453662485243"	"0.0289090835086186"	"0.3649022147873437"
"8.575790951516845"	"0.0288210780593594"	"0.3647906990110577"
"8.576475464308125"	"0.0286295942998091"	"0.364564387607289"
"8.578519976681923"	"0.0279432056914808"	"0.3638884770078934"
"8.578629579178104"	"0.0279009923170415"	"0.3638522444316106"
"8.578673929660484"	"0.0278837382457476"	"0.3638375830435461"
"8.580972921672613"	"0.0268329107747636"	"0.3630776245993768"
"8.581411311236677"	"0.0265908830266022"	"0.3629327203583319"
"8.582036936372749"	"0.0262158487894298"	"0.3627259343640827"
"8.582103462107055"	"0.0261736976384868"	"0.3627039463052721"
"8.582722074495882"	"0.0257578133801193"	"0.3624994876666165"
"8.582960847300658"	"0.0255844378823258"	"0.3624205730487411"
"8.583439288841541"	"0.0252115107800902"	"0.3622624524205174"
"8.584157264003718"	"0.0245720137593305"	"0.3620251824067307"
"8.584194565816226"	"0.0245361535050666"	"0.3620128556526483"
"8.58457148653878"	"0.0241444507410085"	"0.3618883037619103"
"8.584624591632382"	"0.0240856420650529"	"0.3618707559266721"
"8.584790259795675"	"0.0238953186345867"	"0.3618160144730367"
"8.584838610022418"	"0.0238376569622562"	"0.3618000385757281"
"8.585003708317116"	"0.0236326613643662"	"0.3617454877718891"
"8.585469093288262"	"0.0229675172942316"	"0.3615917316612993"
"8.585525295697918"	"0.0228755280699933"	"0.361573164946245"
"8.585838059213737"	"0.0222909970782611"	"0.3614698532483409"
"8.585997924594151"	"0.0219199333403962"	"0.3614170574759497"
"8.586056395582123"	"0.021763932324678"	"0.3613977502617702"
"8.586241038725444"	"0.021133779075912"	"0.3613368011598008"
"8.586243683507695"	"0.0211221300989564"	"0.3613359285030509"
"8.586356837320404"	"0.0203627443754527"	"0.3612986322231451"
"8.586365532070214"	"0.0202113629751121"	"0.3612957800081187"
"8.58636657389966"	"0.0201850893536737"	"0.3612954394585275"
"9"	"0.02"	"0.2248190290707583"
"9"	"0.04"	"0.2248172101640513"
"9"	"0.06"	"0.2248034933484164"
"9"	"0.08"	"0.2247167725725707"
"9"	"0.1"	"0.2245774730453305"
"9"	"0.12"	"0.2243263634289123"
"9"	"0.14"	"0.2239130096412731"
"9"	"0.16"	"0.2232761370190421"
"9"	"0.18"	"0.2223429038970273"
"9"	"0.2"	"0.2210281769492632"
"9"	"0.2199999999999999"	"0.219233888708656"
"9"	"0.24"	"0.2168485908709412"
"9"	"0.26"	"0.2137473582879599"
"9"	"0.28"	"0.2097922454602053"
"9"	"0.3"	"0.2048335437768403"
"9"	"0.32"	"0.1987121233601754"
"9"	"0.34"	"0.1912631463446188"
"9"	"0.36"	"0.1823213846933509"
"9"	"0.3799999999999999"	"0.1717282315606292"
"9"	"0.4"	"0.1593402417089633"
"9"	"0.4199999999999999"	"0.1450255614273628"
"9"	"0.4399999999999999"	"0.1287179672243743"
"9"	"0.46"	"0.1103669775023066"
"9"	"0.4799999999999999"	"0.0899786119876382"
"9"	"0.4999999999999999"	"0.0676098401627119"
"9"	"0.5199999999999999"	"0.0433666380257423"
"9"	"0.5399999999999999"	"0.0173979525794401"
"9"	"0.5599999999999999"	"-0.0101135000773249"
"9"	"0.58"	"-0.0389621864729146"
"9"	"0.6"	"-0.0689309371932296"
"9"	"0.6199999999999999"	"-0.0998010866371355"
"9"	"0.6399999999999999"	"-0.1313607524538538"
"9"	"0.6599999999999999"	"-0.1634109192516804"
"9"	"0.6799999999999999"	"-0.1957693802997795"
"9"	"0.7"	"-0.2282728344053448"
"10.546370614400136"	"0.019999963267969"	"-0.2799088023907448"
"10.546372575580712"	"0.0201400387287849"	"-0.2799094576550685"
"10.546372763691089"	"0.0201466006685681"	"-0.2799095195583527"
"10.546374047357576"	"0.0201852744705992"	"-0.2799099406452989"
"10.546374111941633"	"0.020187008978746"	"-0.2799099618009291"
"10.546385484123416"	"0.0203855411223091"	"-0.2799136714315851"
"10.5463867552533"	"0.020401675741374"	"-0.2799140852540263"
"10.546391938441786"	"0.0204616565164476"	"-0.2799157715159151"
"10.546393208277982"	"0.0204751959164226"	"-0.2799161844212232"
"10.546434718772305"	"0.0208000102376912"	"-0.2799296664272819"
"10.546484383010865"	"0.0210651057620898"	"-0.2799457784374293"
"10.54650313310793"	"0.0211492592298144"	"-0.2799518589668359"
"10.546504781208444"	"0.0211563597629257"	"-0.2799523934084398"
"10.546558364966838"	"0.021367001499464"	"-0.2799697658728872"
"10.546612410235582"	"0.0215502716050069"	"-0.2799872837378468"
"10.546672997297794"	"0.0217323308355267"	"-0.2800069184769223"
"10.54676401332708"	"0.0219736510815813"	"-0.2800364098260619"
"10.546977264150279"	"0.0224442773007393"	"-0.2801054940448866"
"10.547066125377949"	"0.0226142256787379"	"-0.2801342774008422"
"10.547152228890665"	"0.0227682873051124"	"-0.2801621660061699"
"10.547223555838851"	"0.0228892104655042"	"-0.2801852674370613"
"10.547296866069054"	"0.0230079945398787"	"-0.2802090104153079"
"10.547364230757"	"0.0231127713060484"	"-0.2802308272391163"
"10.547561370478203"	"0.023398983049763"	"-0.2802946698231095"
"10.547767637671376"	"0.0236718270940449"	"-0.2803614642330796"
"10.547845033743574"	"0.0237683836502616"	"-0.2803865260849703"
"10.548092641037835"	"0.0240594239053081"	"-0.2804667016631424"
"10.548275012770914"	"0.0242587909575782"	"-0.2805257514195652"
"10.548353408238757"	"0.0243410909384417"	"-0.280551134407979"
"10.548405433373265"	"0.0243946635444774"	"-0.2805679789918267"
"10.54869124052124"	"0.0246754609199257"	"-0.2806605147753114"
"10.548781007647165"	"0.0247593522216941"	"-0.2806895779767045"
"10.548852890518607"	"0.0248251774582715"	"-0.2807128506326753"
"10.549022970531832"	"0.0249764257309642"	"-0.2807679147399131"
"10.549093191919347"	"0.0250371289546977"	"-0.2807906488356826"
"10.549189535133344"	"0.0251188503404794"	"-0.2808218396881115"
"10.54961107273983"	"0.0254570542268943"	"-0.2809583075336786"
"10.549699391379594"	"0.0255242719656956"	"-0.2809868990134063"
"10.549790430276106"	"0.0255923495602868"	"-0.2810163708658768"
"10.549934385296416"	"0.0256975953887248"	"-0.2810629726564748"
"10.549991611230336"	"0.0257386465122045"	"-0.2810814979968637"
"10.550075587004791"	"0.025798104909998"	"-0.2811086826502809"
"10.550669097150477"	"0.0261939962072742"	"-0.2813008091221953"
"10.5508917838097"	"0.0263325706383105"	"-0.2813728933611128"
"10.551415707171316"	"0.026639855980769"	"-0.2815424846798056"
"10.551498511245072"	"0.0266861900165408"	"-0.2815692874699303"
"10.5515"	"0.0266862"	"-0.2815698048890454"
"10.551579079496992"	"0.0267307223834646"	"-0.2815953663482853"
"10.552547815510291"	"0.0272272095385193"	"-0.2819089244612467"
"10.55321702348179"	"0.0275329782615578"	"-0.2821255224647614"
"10.553256906416893"	"0.0275503420938022"	"-0.2821384308793018"
"10.553480284820925"	"0.0276459041869292"	"-0.2822107284817132"
"10.553759181310987"	"0.02776131038294"	"-0.2823009936735037"
"10.554133010657138"	"0.0279095046405048"	"-0.2824219821295824"
"10.554178436471652"	"0.0279270233594256"	"-0.282436683922513"
"10.55419397043548"	"0.0279329903214562"	"-0.2824417113370994"
"10.554485631001166"	"0.0280428099817386"	"-0.2825361044670078"
"10.55460317295306"	"0.0280859031931017"	"-0.2825741454036268"
"10.554614428221239"	"0.0280899951565238"	"-0.2825777880298141"
"10.55463303069506"	"0.0280967451603951"	"-0.2825838084202075"
"10.555214764491293"	"0.0282998044075508"	"-0.282772075874675"
"10.555361420986626"	"0.0283486175560229"	"-0.2828195377505631"
"10.555528204660229"	"0.0284030076614705"	"-0.2828735129947031"
"10.555528850341133"	"0.028403215933377"	"-0.2828737219161783"
"10.555762505058894"	"0.0284774408904918"	"-0.282949337568184"
"10.556073294667815"	"0.0285727067827665"	"-0.283049914483132"
"10.556599325252812"	"0.0287252780529054"	"-0.2832201440010116"
"10.556671723512745"	"0.0287454490387446"	"-0.2832435726026379"
"10.55682190919526"	"0.0287866692909339"	"-0.2832921736118252"
"10.556953948908347"	"0.0288222220984612"	"-0.2833349021437641"
"10.557128233987594"	"0.0288681791297929"	"-0.2833913011060329"
"10.55727400468003"	"0.0289057803083522"	"-0.2834384724606727"
"10.557566197115404"	"0.0289788952031794"	"-0.2835330249766415"
"10.557945440410471"	"0.0290694052071531"	"-0.2836557451612514"
"10.55821803646423"	"0.0291314767836478"	"-0.2837439539309266"
"10.558455551507643"	"0.029183569287184"	"-0.2838208101259427"
"10.558674715799786"	"0.029230020920009"	"-0.2838917276590611"
"10.558701855611895"	"0.0292356664438721"	"-0.2839005095301048"
"10.559194156351152"	"0.0293340565923013"	"-0.284059806494299"
"10.55923664374995"	"0.0293421954427777"	"-0.2840735542582218"
"10.559349312233895"	"0.0293635105047765"	"-0.2841100106405041"
"10.559457436267396"	"0.0293836022947864"	"-0.2841449963677332"
"10.559495545396564"	"0.0293905993711529"	"-0.2841573273376117"
"10.559898580025644"	"0.0294619338807819"	"-0.2842877359283635"
"10.56130730761422"	"0.0296742302586958"	"-0.2847435368756011"
"10.561568375343326"	"0.0297074520349388"	"-0.2848280038378963"
"10.561749202014495"	"0.0297293698095392"	"-0.2848865088037109"
"10.56175168040605"	"0.0297296640327344"	"-0.2848873106909044"
"10.561952906202936"	"0.0297529976710444"	"-0.284952415080383"
"10.56251313587457"	"0.029812235466827"	"-0.285133668623347"
"10.563441696879707"	"0.029892186843152"	"-0.2854340812321734"
"10.563550597396183"	"0.029900094748261"	"-0.2854693125313279"
"10.563953906093747"	"0.0299267255548152"	"-0.2855997890048352"
"10.564283375042326"	"0.0299453938064786"	"-0.2857063757380449"
"10.564424914385993"	"0.0299525656422791"	"-0.2857521647530215"
"10.564760829544948"	"0.0299675547743723"	"-0.2858608348925813"
"10.56580227354743"	"0.0299959615429845"	"-0.2861977378626719"
"10.56630800899976"	"0.0299999510069282"	"-0.2863642590354889"
"10.566370540935898"	"0.0299999999999325"	"-0.2863796514324211"
"10.5663706144"	"0.02"	"-0.2863793126759959"
"10.566724797803168"	"0.0299986812428822"	"-0.2864961594893281"
"10.567336497596468"	"0.0299890311373502"	"-0.2866940287449671"
"10.567629509327151"	"0.0299810859481127"	"-0.286788808837716"
"10.568082181881252"	"0.029964565521366"	"-0.2869352321317171"
"10.568086682592986"	"0.0299643753169795"	"-0.2869366879397628"
"10.56819815217136"	"0.0299595011015692"	"-0.2869727439641432"
"10.57164027145711"	"0.0296506418835199"	"-0.2880860565660619"
"10.572339383121577"	"0.0295488707203409"	"-0.2883121575955134"
"10.57373066888183"	"0.0293040487657926"	"-0.2887620972558307"
"10.575095501337879"	"0.0290053908366452"	"-0.2892034573641968"
"10.575412597327164"	"0.0289271088463509"	"-0.2893059964870339"
"10.576241891815794"	"0.0287054173576891"	"-0.2895741584171851"
"10.577004144917534"	"0.0284786807725014"	"-0.2898206334032358"
"10.57738164753551"	"0.0283576823552614"	"-0.2899426960921399"
"10.578200888166036"	"0.0280737079228306"	"-0.2902075844020753"
"10.580040824425646"	"0.0273131373053688"	"-0.2908024611502458"
"10.580316014539461"	"0.0271823488382548"	"-0.2908914291842031"
"10.580633805632317"	"0.0270249337580755"	"-0.2909941683665807"
"10.58065941584202"	"0.0270119373186799"	"-0.2910024478237498"
"10.580882361887737"	"0.02689676000294"	"-0.2910745231942897"
"10.581242105694084"	"0.0267028333293772"	"-0.291190821467926"
"10.581243955858133"	"0.0267018089811971"	"-0.2911914195719389"
"10.58136550153996"	"0.0266338858080593"	"-0.2912307124310241"
"10.581463724726927"	"0.0265780733758331"	"-0.2912624654415548"
"10.581942652773074"	"0.0262933684298558"	"-0.2914172875851992"
"10.58204924157753"	"0.0262269823760812"	"-0.2914517436844823"
"10.582946712327367"	"0.0256170791154153"	"-0.2917418513210652"
"10.583140042759304"	"0.0254719961717973"	"-0.2918043427090149"
"10.583192428873732"	"0.0254317200894523"	"-0.2918212756314298"
"10.58373917252547"	"0.0249838011630663"	"-0.2919979959886736"
"10.583919600624144"	"0.0248234736956492"	"-0.2920563123287399"
"10.584180839018174"	"0.0245782574143929"	"-0.2921407452239366"
"10.58433959874167"	"0.0243907744683844"	"-0.2921920487345293"
"10.584588037308293"	"0.0241591855835046"	"-0.2922723464376924"
"10.585459615338912"	"0.0230303078693699"	"-0.2925539923966101"
"10.585491782156486"	"0.0229792555315581"	"-0.2925643854840896"
"10.585960956346977"	"0.022083805820587"	"-0.2927159530168129"
"10.586295161354295"	"0.0210225647518084"	"-0.2928238558864793"
"12.546370614400136"	"0.019999963267969"	"-0.9197604902658325"
"12.546372141441722"	"0.020123571170786"	"-0.9197609913199507"
"12.54637745276334"	"0.0202614802910003"	"-0.9197626919476618"
"12.54638932613385"	"0.0204324694281081"	"-0.9197664738302285"
"12.54639540133943"	"0.020497710554638"	"-0.9197684057597195"
"12.54641744123497"	"0.0206839006957036"	"-0.919775406888812"
"12.546439742708317"	"0.020830715596593"	"-0.9197824851977972"
"12.54653407860767"	"0.0212759161178905"	"-0.9198124009408897"
"12.546551963360518"	"0.0213436025244858"	"-0.9198180702036831"
"12.546605109909544"	"0.0215268294139954"	"-0.9198349142576201"
"12.546674431541893"	"0.0217364029500667"	"-0.919856880532429"
"12.5467"	"0.0217364"	"-0.9198650481866939"
"12.546746639122977"	"0.0219299996325625"	"-0.9198797577155227"
"12.54685482662201"	"0.0221871229620444"	"-0.9199140294735275"
"12.547001321510464"	"0.0224915102327398"	"-0.919960430002885"
"12.547075480370525"	"0.0226314351020196"	"-0.9199839168338411"
"12.547296773111833"	"0.0230078471750512"	"-0.920053996286196"
"12.547412291335098"	"0.0231851996235231"	"-0.9200905760003462"
"12.547515437968924"	"0.0233347534299029"	"-0.9201232368776782"
"12.547835707106437"	"0.02375690070467"	"-0.9202246420533147"
"12.548003515568148"	"0.0239575775577046"	"-0.9202777712504764"
"12.548072838565208"	"0.0240370595580094"	"-0.9202997187956097"
"12.54831478709677"	"0.0243007877300536"	"-0.9203763171098394"
"12.548498951567945"	"0.0244889772670768"	"-0.9204346196321098"
"12.54858327029732"	"0.0245719358529197"	"-0.9204613125264749"
"12.548606642052757"	"0.0245945970020872"	"-0.9204687113220307"
"12.54875518042326"	"0.024735411434371"	"-0.9205157335723264"
"12.548806105013062"	"0.0247824682433908"	"-0.9205318543359144"
"12.550204268683842"	"0.0258874711503679"	"-0.92097442700776"
"12.550521003186327"	"0.026098971724304"	"-0.9210746783885835"
"12.55054635699619"	"0.0261154083595852"	"-0.9210827031223352"
"12.550651344715444"	"0.0261827291826541"	"-0.9211159328213787"
"12.551316337111485"	"0.0265834780952109"	"-0.9213264042033358"
"12.55142687142292"	"0.0266461369575676"	"-0.9213613876533215"
"12.551695992185756"	"0.0267943995847541"	"-0.921446561881686"
"12.5517128575367"	"0.0268034947588792"	"-0.9214518995202203"
"12.551809086767365"	"0.0268549601203073"	"-0.9214823548614031"
"12.551957094070094"	"0.026932720095665"	"-0.9215291968724566"
"12.55201150345363"	"0.0269608895413912"	"-0.9215464165381073"
"12.552221540981886"	"0.0270675972120807"	"-0.9216128893661546"
"12.55226351670256"	"0.0270885434779455"	"-0.9216261737549627"
"12.552311386591093"	"0.0271122801093824"	"-0.9216413235138896"
"12.552312793643551"	"0.0271129753897291"	"-0.9216417688125378"
"12.552407292881787"	"0.0271593584241014"	"-0.9216716755543892"
"12.55275439685817"	"0.0273245924776322"	"-0.9217815245350396"
"12.552772346465282"	"0.0273329241980195"	"-0.9217872050154421"
"12.552893012639167"	"0.0273884073178259"	"-0.9218253920759238"
"12.552932567140818"	"0.0274063973337245"	"-0.9218379098183034"
"12.553002267048868"	"0.0274378640936001"	"-0.9218599674776486"
"12.553045788245921"	"0.0274573622676444"	"-0.9218737404613355"
"12.553842868185054"	"0.0277951198639583"	"-0.9221259835188889"
"12.553926110856654"	"0.0278283831593704"	"-0.9221523258446807"
"12.553950124837556"	"0.0278379116961916"	"-0.9221599251203507"
"12.554206556327701"	"0.0279378159970759"	"-0.922241072698518"
"12.554347547421116"	"0.0279913368784776"	"-0.9222856888563253"
"12.554495093721425"	"0.0280463036329223"	"-0.9223323790680209"
"12.554538674622021"	"0.0280623383873771"	"-0.9223461699303943"
"12.555001575374035"	"0.0282271646334884"	"-0.9224926499914341"
"12.555264795652631"	"0.0283165616385406"	"-0.9225759419505231"
"12.555415973788037"	"0.0283665382486235"	"-0.9226237794436059"
"12.555427354092199"	"0.02837026065657"	"-0.9226273805302303"
"12.555467638536582"	"0.0283833930678709"	"-0.9226401277345948"
"12.55580279742962"	"0.0284900124334499"	"-0.9227461812038658"
"12.556023232945725"	"0.028557623750781"	"-0.9228159322443852"
"12.556302958725603"	"0.0286406352373793"	"-0.9229044431334112"
"12.55666200378963"	"0.028742752427242"	"-0.9230180507986114"
"12.556721769698816"	"0.0287592778802313"	"-0.923036961494172"
"12.557397367982519"	"0.0289370136053826"	"-0.9232507265739294"
"12.557582922554918"	"0.0289829904825157"	"-0.9233094365776537"
"12.557790862725906"	"0.0290331038576294"	"-0.9233752289674015"
"12.558360864347804"	"0.0291630222102391"	"-0.9235555748879665"
"12.558489326698153"	"0.0291908283652877"	"-0.9235962192381013"
"12.558901059561872"	"0.0292763914120766"	"-0.9237264864450876"
"12.55900344170138"	"0.0292968377208154"	"-0.9237588785430564"
"12.559068376420951"	"0.0293096364120374"	"-0.9237794228496452"
"12.56046136865264"	"0.0295535440373886"	"-0.9242201299385502"
"12.560683951380579"	"0.0295872553906677"	"-0.9242905472363101"
"12.561380801120915"	"0.0296837720367616"	"-0.9245110018821192"
"12.561566000894818"	"0.0297071583002677"	"-0.9245695904852154"
"12.562012951228136"	"0.0297597486094747"	"-0.924710983106646"
"12.562113659135406"	"0.0297708537482049"	"-0.9247428417251031"
"12.562314691753482"	"0.029792209805318"	"-0.9248064372759197"
"12.562513744851593"	"0.0298122953136176"	"-0.9248694061764318"
"12.56275233765009"	"0.029834989493653"	"-0.9249448825364839"
"12.563176778546596"	"0.0298716692172792"	"-0.9250791483677974"
"12.563235227050185"	"0.0298763523905161"	"-0.9250976375352633"
"12.56338721117947"	"0.0298881154071913"	"-0.9251457149026319"
"12.563504940934957"	"0.0298968166042388"	"-0.9251829563535896"
"12.563804295555572"	"0.0299173334065757"	"-0.9252776503893396"
"12.564016484298682"	"0.0299304842715003"	"-0.9253447708654594"
"12.564267568721824"	"0.029944561313546"	"-0.92542419429323"
"12.564686020392475"	"0.0299644636462508"	"-0.9255565579212837"
"12.564954039322858"	"0.0299748848997221"	"-0.9256413359784812"
"12.5654432193522"	"0.0299892434451429"	"-0.9257960680455595"
"12.565623141928874"	"0.0299930136208367"	"-0.9258529784474563"
"12.565635873644487"	"0.0299932496719309"	"-0.9258570055334427"
"12.56616338407712"	"0.0299994631805072"	"-0.926036577505525"
"12.566363745769287"	"0.0299999994102739"	"-0.926085817921444"
"12.566370540935898"	"0.0299999999999325"	"-0.9260874878856642"
"12.5663706144"	"0.02"	"-0.9260871757583042"
"12.568543599563561"	"0.0299423963523777"	"-0.9267766808592293"
"12.568998356410809"	"0.0299152476515013"	"-0.9269205053666205"
"12.569222076188916"	"0.0298999480552167"	"-0.9269912596312411"
"12.57003806245286"	"0.0298331645667746"	"-0.9272493207386323"
"12.570408778288723"	"0.0297970620166438"	"-0.927366559433386"
"12.57118291243459"	"0.0297098371335857"	"-0.9276113736511542"
"12.571381159676744"	"0.0296848857540343"	"-0.9276740667328722"
"12.571720559934318"	"0.0296396530277977"	"-0.9277813964872528"
"12.571751820393414"	"0.0296353258698996"	"-0.9277912820325023"
"12.572760556377734"	"0.0294808138174641"	"-0.9281102695389016"
"12.572794138666715"	"0.0294751647836701"	"-0.9281208888794987"
"12.574063909893793"	"0.0292366726306044"	"-0.9285224039872113"
"12.574549547027008"	"0.0291321531313074"	"-0.928675962279768"
"12.575207826589804"	"0.0289780592385542"	"-0.928884105269213"
"12.575313219332811"	"0.0289520182239148"	"-0.9289174291637226"
"12.57689401802736"	"0.0285128665213523"	"-0.9294172406806003"
"12.57709610244434"	"0.0284497543233541"	"-0.9294811326889758"
"12.577125558292762"	"0.0284404146715158"	"-0.9294904455316093"
"12.577421684974079"	"0.0283444960952142"	"-0.9295840692455708"
"12.578657080700378"	"0.0279019613499504"	"-0.9299746399248372"
"12.579076024357828"	"0.0277349597038336"	"-0.930107084090813"
"12.579761605384919"	"0.0274408921094466"	"-0.9303238167616565"
"12.581407414908682"	"0.026610172043122"	"-0.9308440748771507"
"12.58162970635862"	"0.0264818215848282"	"-0.9309143398427775"
"12.582391493274267"	"0.0260056669666878"	"-0.9311551282982355"
"12.58245977133871"	"0.0259599443065421"	"-0.9311767092892973"
"12.583246987996787"	"0.0253893180328341"	"-0.9314255200553134"
"12.583445256379768"	"0.0252311383786892"	"-0.9314881828254324"
"12.583981652498366"	"0.0247666942273095"	"-0.9316577045927339"
"12.584118643008923"	"0.0246381486048402"	"-0.9317009971771553"
"12.584283541342918"	"0.0244476692867639"	"-0.9317531020594196"
"12.58442671853781"	"0.0243312070707426"	"-0.9317983540668728"
"12.584936837561916"	"0.023754519050529"	"-0.9319595490679706"
"12.585475070742818"	"0.0230058973766782"	"-0.9321296063570923"
"12.585784095836557"	"0.0224625610956458"	"-0.9322272272668011"
"12.58606851729982"	"0.0218131069484914"	"-0.9323170541615635"
"12.58607326970773"	"0.0218001707562689"	"-0.9323185547620998"
"12.586159825387867"	"0.021545097136185"	"-0.9323458826706328"
"12.586365692267227"	"0.0205854767908289"	"-0.9324108294468156"